date,year,month,day,day_of_week,gold_rate_24k,gold_rate_22k,silver_rate,gold_rate_change_pct,silver_rate_change_pct,gold_monthly_base,silver_monthly_base
2022-01-01,2022,1,1,Saturday,4939.24,4527.31,61.26,0.0,0.0,4820,62.5
2022-01-02,2022,1,2,Sunday,4662.97,4274.08,62.73,-5.5934,2.3996,4820,62.5
2022-01-03,2022,1,3,Monday,4748.37,4352.36,61.85,1.8315,-1.4028,4820,62.5
2022-01-04,2022,1,4,Tuesday,4842.35,4438.5,62.49,1.9792,1.0348,4820,62.5
2022-01-05,2022,1,5,Wednesday,4822.06,4419.9,60.87,-0.419,-2.5924,4820,62.5
2022-01-06,2022,1,6,Thursday,4928.81,4517.75,63.68,2.2138,4.6164,4820,62.5
2022-01-07,2022,1,7,Friday,4866.42,4460.56,62.36,-1.2658,-2.0729,4820,62.5
2022-01-08,2022,1,8,Saturday,4942.63,4530.41,62.44,1.566,0.1283,4820,62.5
2022-01-09,2022,1,9,Sunday,4937.06,4525.31,61.5,-0.1127,-1.5054,4820,62.5
2022-01-10,2022,1,10,Monday,4846.04,4441.88,62.04,-1.8436,0.878,4820,62.5
2022-01-11,2022,1,11,Tuesday,4892.05,4484.05,63.18,0.9494,1.8375,4820,62.5
2022-01-12,2022,1,12,Wednesday,4763.49,4366.21,60.27,-2.6279,-4.6059,4820,62.5
2022-01-13,2022,1,13,Thursday,4911.56,4501.94,62.35,3.1084,3.4511,4820,62.5
2022-01-14,2022,1,14,Friday,4825.04,4422.63,62.64,-1.7616,0.4651,4820,62.5
2022-01-15,2022,1,15,Saturday,4831.34,4428.41,64.65,0.1306,3.2088,4820,62.5
2022-01-16,2022,1,16,Sunday,4791.26,4391.67,62.24,-0.8296,-3.7278,4820,62.5
2022-01-17,2022,1,17,Monday,4792.09,4392.43,64.02,0.0173,2.8599,4820,62.5
2022-01-18,2022,1,18,Tuesday,4881.29,4474.19,64.35,1.8614,0.5155,4820,62.5
2022-01-19,2022,1,19,Wednesday,4735.49,4340.55,62.35,-2.9869,-3.108,4820,62.5
2022-01-20,2022,1,20,Thursday,4732.43,4337.75,62.92,-0.0646,0.9142,4820,62.5
2022-01-21,2022,1,21,Friday,4711.19,4318.28,63.03,-0.4488,0.1748,4820,62.5
2022-01-22,2022,1,22,Saturday,4850.55,4446.01,64.14,2.9581,1.7611,4820,62.5
2022-01-23,2022,1,23,Sunday,4870.17,4464.0,64.18,0.4045,0.0624,4820,62.5
2022-01-24,2022,1,24,Monday,4913.12,4503.37,60.02,0.8819,-6.4818,4820,62.5
2022-01-25,2022,1,25,Tuesday,4784.68,4385.64,62.88,-2.6142,4.7651,4820,62.5
2022-01-26,2022,1,26,Wednesday,4692.17,4300.84,61.68,-1.9335,-1.9084,4820,62.5
2022-01-27,2022,1,27,Thursday,4875.17,4468.58,65.06,3.9001,5.4799,4820,62.5
2022-01-28,2022,1,28,Friday,4910.21,4500.7,62.05,0.7187,-4.6265,4820,62.5
2022-01-29,2022,1,29,Saturday,4814.63,4413.09,61.14,-1.9466,-1.4666,4820,62.5
2022-01-30,2022,1,30,Sunday,4838.97,4435.4,61.12,0.5055,-0.0327,4820,62.5
2022-01-31,2022,1,31,Monday,4765.38,4367.95,62.62,-1.5208,2.4542,4820,62.5
2022-02-01,2022,2,1,Tuesday,4881.75,4474.61,65.24,2.442,4.184,4950,64.2
2022-02-02,2022,2,2,Wednesday,4941.82,4529.67,63.21,1.2305,-3.1116,4950,64.2
2022-02-03,2022,2,3,Thursday,4985.5,4569.71,63.65,0.8839,0.6961,4950,64.2
2022-02-04,2022,2,4,Friday,4971.06,4556.47,62.64,-0.2896,-1.5868,4950,64.2
2022-02-05,2022,2,5,Saturday,4874.56,4468.02,62.98,-1.9412,0.5428,4950,64.2
2022-02-06,2022,2,6,Sunday,5000.98,4583.9,64.16,2.5935,1.8736,4950,64.2
2022-02-07,2022,2,7,Monday,4854.4,4449.54,63.11,-2.931,-1.6365,4950,64.2
2022-02-08,2022,2,8,Tuesday,4954.44,4541.24,64.84,2.0608,2.7412,4950,64.2
2022-02-09,2022,2,9,Wednesday,4918.99,4508.75,62.21,-0.7155,-4.0561,4950,64.2
2022-02-10,2022,2,10,Thursday,4944.61,4532.23,61.83,0.5208,-0.6108,4950,64.2
2022-02-11,2022,2,11,Friday,4884.22,4476.88,60.93,-1.2213,-1.4556,4950,64.2
2022-02-12,2022,2,12,Saturday,4999.78,4582.8,64.98,2.366,6.647,4950,64.2
2022-02-13,2022,2,13,Sunday,5034.29,4614.43,65.1,0.6902,0.1847,4950,64.2
2022-02-14,2022,2,14,Monday,4916.71,4506.66,62.46,-2.3356,-4.0553,4950,64.2
2022-02-15,2022,2,15,Tuesday,4932.39,4521.03,63.99,0.3189,2.4496,4950,64.2
2022-02-16,2022,2,16,Wednesday,4934.06,4522.56,62.02,0.0339,-3.0786,4950,64.2
2022-02-17,2022,2,17,Thursday,5017.09,4598.66,64.83,1.6828,4.5308,4950,64.2
2022-02-18,2022,2,18,Friday,4972.74,4558.01,64.19,-0.884,-0.9872,4950,64.2
2022-02-19,2022,2,19,Saturday,4992.52,4576.14,62.49,0.3978,-2.6484,4950,64.2
2022-02-20,2022,2,20,Sunday,5115.12,4688.52,62.72,2.4557,0.3681,4950,64.2
2022-02-21,2022,2,21,Monday,5008.1,4590.42,65.7,-2.0922,4.7513,4950,64.2
2022-02-22,2022,2,22,Tuesday,5075.7,4652.39,62.45,1.3498,-4.9467,4950,64.2
2022-02-23,2022,2,23,Wednesday,5008.36,4590.66,64.54,-1.3267,3.3467,4950,64.2
2022-02-24,2022,2,24,Thursday,4817.66,4415.87,62.63,-3.8076,-2.9594,4950,64.2
2022-02-25,2022,2,25,Friday,4966.06,4551.89,65.6,3.0803,4.7421,4950,64.2
2022-02-26,2022,2,26,Saturday,5052.64,4631.25,63.54,1.7434,-3.1402,4950,64.2
2022-02-27,2022,2,27,Sunday,4825.32,4422.89,63.74,-4.499,0.3148,4950,64.2
2022-02-28,2022,2,28,Monday,4810.17,4409.0,64.09,-0.314,0.5491,4950,64.2
2022-03-01,2022,3,1,Tuesday,5330.43,4885.87,69.34,10.8158,8.1916,5280,68.5
2022-03-02,2022,3,2,Wednesday,5316.18,4872.81,69.34,-0.2673,0.0,5280,68.5
2022-03-03,2022,3,3,Thursday,5248.8,4811.05,68.04,-1.2675,-1.8748,5280,68.5
2022-03-04,2022,3,4,Friday,5283.8,4843.13,68.1,0.6668,0.0882,5280,68.5
2022-03-05,2022,3,5,Saturday,5183.22,4750.94,69.39,-1.9036,1.8943,5280,68.5
2022-03-06,2022,3,6,Sunday,5156.11,4726.09,70.91,-0.523,2.1905,5280,68.5
2022-03-07,2022,3,7,Monday,5179.92,4747.91,69.5,0.4618,-1.9884,5280,68.5
2022-03-08,2022,3,8,Tuesday,5388.15,4938.78,66.63,4.0199,-4.1295,5280,68.5
2022-03-09,2022,3,9,Wednesday,5339.42,4894.11,69.8,-0.9044,4.7576,5280,68.5
2022-03-10,2022,3,10,Thursday,5188.57,4755.84,69.19,-2.8252,-0.8739,5280,68.5
2022-03-11,2022,3,11,Friday,5356.51,4909.78,68.23,3.2367,-1.3875,5280,68.5
2022-03-12,2022,3,12,Saturday,5309.74,4866.91,66.57,-0.8731,-2.4329,5280,68.5
2022-03-13,2022,3,13,Sunday,5294.38,4852.83,69.64,-0.2893,4.6117,5280,68.5
2022-03-14,2022,3,14,Monday,5273.43,4833.63,68.62,-0.3957,-1.4647,5280,68.5
2022-03-15,2022,3,15,Tuesday,5286.2,4845.33,69.03,0.2422,0.5975,5280,68.5
2022-03-16,2022,3,16,Wednesday,5226.13,4790.27,70.08,-1.1364,1.5211,5280,68.5
2022-03-17,2022,3,17,Thursday,5220.89,4785.47,68.34,-0.1003,-2.4829,5280,68.5
2022-03-18,2022,3,18,Friday,5347.75,4901.75,69.03,2.4299,1.0097,5280,68.5
2022-03-19,2022,3,19,Saturday,5128.67,4700.94,67.77,-4.0967,-1.8253,5280,68.5
2022-03-20,2022,3,20,Sunday,5200.44,4766.72,68.34,1.3994,0.8411,5280,68.5
2022-03-21,2022,3,21,Monday,5223.14,4787.53,67.53,0.4365,-1.1853,5280,68.5
2022-03-22,2022,3,22,Tuesday,5203.83,4769.83,68.5,-0.3697,1.4364,5280,68.5
2022-03-23,2022,3,23,Wednesday,5298.44,4856.55,69.46,1.8181,1.4015,5280,68.5
2022-03-24,2022,3,24,Thursday,5334.09,4889.23,67.71,0.6728,-2.5194,5280,68.5
2022-03-25,2022,3,25,Friday,5282.27,4841.73,68.44,-0.9715,1.0781,5280,68.5
2022-03-26,2022,3,26,Saturday,5292.13,4850.77,68.13,0.1867,-0.453,5280,68.5
2022-03-27,2022,3,27,Sunday,5279.53,4839.22,69.23,-0.2381,1.6146,5280,68.5
2022-03-28,2022,3,28,Monday,5190.48,4757.59,69.05,-1.6867,-0.26,5280,68.5
2022-03-29,2022,3,29,Tuesday,5273.01,4833.24,67.29,1.59,-2.5489,5280,68.5
2022-03-30,2022,3,30,Wednesday,5265.9,4826.72,66.58,-0.1348,-1.0551,5280,68.5
2022-03-31,2022,3,31,Thursday,5338.85,4893.59,69.57,1.3853,4.4908,5280,68.5
2022-04-01,2022,4,1,Friday,5339.77,4894.43,68.69,0.0172,-1.2649,5240,67.8
2022-04-02,2022,4,2,Saturday,5175.93,4744.26,66.28,-3.0683,-3.5085,5240,67.8
2022-04-03,2022,4,3,Sunday,5318.71,4875.13,69.18,2.7585,4.3754,5240,67.8
2022-04-04,2022,4,4,Monday,5200.1,4766.41,66.75,-2.2301,-3.5126,5240,67.8
2022-04-05,2022,4,5,Tuesday,5188.53,4755.81,67.33,-0.2225,0.8689,5240,67.8
2022-04-06,2022,4,6,Wednesday,5246.3,4808.76,69.67,1.1134,3.4754,5240,67.8
2022-04-07,2022,4,7,Thursday,5155.14,4725.2,67.48,-1.7376,-3.1434,5240,67.8
2022-04-08,2022,4,8,Friday,5321.44,4877.63,68.3,3.2259,1.2152,5240,67.8
2022-04-09,2022,4,9,Saturday,5223.1,4787.49,68.0,-1.848,-0.4392,5240,67.8
2022-04-10,2022,4,10,Sunday,5298.67,4856.76,67.69,1.4468,-0.4559,5240,67.8
2022-04-11,2022,4,11,Monday,5221.23,4785.78,65.74,-1.4615,-2.8808,5240,67.8
2022-04-12,2022,4,12,Tuesday,5203.58,4769.6,67.13,-0.338,2.1144,5240,67.8
2022-04-13,2022,4,13,Wednesday,5244.28,4806.91,67.67,0.7822,0.8044,5240,67.8
2022-04-14,2022,4,14,Thursday,5364.73,4917.31,67.84,2.2968,0.2512,5240,67.8
2022-04-15,2022,4,15,Friday,5093.08,4668.32,68.81,-5.0636,1.4298,5240,67.8
2022-04-16,2022,4,16,Saturday,5376.86,4928.43,68.35,5.5719,-0.6685,5240,67.8
2022-04-17,2022,4,17,Sunday,5483.05,5025.76,67.19,1.9749,-1.6971,5240,67.8
2022-04-18,2022,4,18,Monday,5080.52,4656.8,68.4,-7.3414,1.8009,5240,67.8
2022-04-19,2022,4,19,Tuesday,5293.5,4852.02,67.53,4.1921,-1.2719,5240,67.8
2022-04-20,2022,4,20,Wednesday,5257.96,4819.45,68.7,-0.6714,1.7326,5240,67.8
2022-04-21,2022,4,21,Thursday,5266.01,4826.82,67.09,0.1531,-2.3435,5240,67.8
2022-04-22,2022,4,22,Friday,5241.17,4804.06,68.18,-0.4717,1.6247,5240,67.8
2022-04-23,2022,4,23,Saturday,5212.81,4778.06,65.48,-0.5411,-3.9601,5240,67.8
2022-04-24,2022,4,24,Sunday,5270.2,4830.67,65.72,1.1009,0.3665,5240,67.8
2022-04-25,2022,4,25,Monday,5252.94,4814.84,69.0,-0.3275,4.9909,5240,67.8
2022-04-26,2022,4,26,Tuesday,5093.29,4668.51,69.39,-3.0393,0.5652,5240,67.8
2022-04-27,2022,4,27,Wednesday,5246.75,4809.17,68.32,3.013,-1.542,5240,67.8
2022-04-28,2022,4,28,Thursday,5209.95,4775.44,68.6,-0.7014,0.4098,5240,67.8
2022-04-29,2022,4,29,Friday,5153.18,4723.4,68.35,-1.0896,-0.3644,5240,67.8
2022-04-30,2022,4,30,Saturday,5232.09,4795.73,68.12,1.5313,-0.3365,5240,67.8
2022-05-01,2022,5,1,Sunday,5030.28,4610.75,64.61,-3.8572,-5.1527,5120,64.5
2022-05-02,2022,5,2,Monday,5128.22,4700.53,65.46,1.947,1.3156,5120,64.5
2022-05-03,2022,5,3,Tuesday,5164.3,4733.6,65.66,0.7036,0.3055,5120,64.5
2022-05-04,2022,5,4,Wednesday,5088.56,4664.17,62.76,-1.4666,-4.4167,5120,64.5
2022-05-05,2022,5,5,Thursday,5115.94,4689.27,64.16,0.5381,2.2307,5120,64.5
2022-05-06,2022,5,6,Friday,5195.65,4762.33,62.14,1.5581,-3.1484,5120,64.5
2022-05-07,2022,5,7,Saturday,5003.33,4586.05,65.34,-3.7016,5.1497,5120,64.5
2022-05-08,2022,5,8,Sunday,5088.6,4664.21,63.24,1.7043,-3.214,5120,64.5
2022-05-09,2022,5,9,Monday,5041.99,4621.49,65.7,-0.916,3.8899,5120,64.5
2022-05-10,2022,5,10,Tuesday,5215.57,4780.59,64.48,3.4427,-1.8569,5120,64.5
2022-05-11,2022,5,11,Wednesday,5157.83,4727.67,65.15,-1.1071,1.0391,5120,64.5
2022-05-12,2022,5,12,Thursday,5155.24,4725.29,64.58,-0.0502,-0.8749,5120,64.5
2022-05-13,2022,5,13,Friday,5106.23,4680.37,66.34,-0.9507,2.7253,5120,64.5
2022-05-14,2022,5,14,Saturday,5207.57,4773.26,63.28,1.9846,-4.6126,5120,64.5
2022-05-15,2022,5,15,Sunday,5128.53,4700.81,64.13,-1.5178,1.3432,5120,64.5
2022-05-16,2022,5,16,Monday,5153.99,4724.15,62.05,0.4964,-3.2434,5120,64.5
2022-05-17,2022,5,17,Tuesday,5197.3,4763.85,64.74,0.8403,4.3352,5120,64.5
2022-05-18,2022,5,18,Wednesday,5163.08,4732.48,62.78,-0.6584,-3.0275,5120,64.5
2022-05-19,2022,5,19,Thursday,5178.35,4746.48,66.44,0.2958,5.8299,5120,64.5
2022-05-20,2022,5,20,Friday,5059.06,4637.13,62.76,-2.3036,-5.5388,5120,64.5
2022-05-21,2022,5,21,Saturday,5096.74,4671.67,65.04,0.7448,3.6329,5120,64.5
2022-05-22,2022,5,22,Sunday,5095.24,4670.3,65.49,-0.0294,0.6919,5120,64.5
2022-05-23,2022,5,23,Monday,5024.23,4605.21,64.77,-1.3937,-1.0994,5120,64.5
2022-05-24,2022,5,24,Tuesday,5201.72,4767.9,66.42,3.5327,2.5475,5120,64.5
2022-05-25,2022,5,25,Wednesday,5103.84,4678.18,64.54,-1.8817,-2.8305,5120,64.5
2022-05-26,2022,5,26,Thursday,5065.3,4642.85,63.73,-0.7551,-1.255,5120,64.5
2022-05-27,2022,5,27,Friday,5004.36,4587.0,66.61,-1.2031,4.5191,5120,64.5
2022-05-28,2022,5,28,Saturday,5035.69,4615.71,62.61,0.6261,-6.0051,5120,64.5
2022-05-29,2022,5,29,Sunday,5169.36,4738.24,63.36,2.6545,1.1979,5120,64.5
2022-05-30,2022,5,30,Monday,5045.85,4625.03,64.09,-2.3893,1.1521,5120,64.5
2022-05-31,2022,5,31,Tuesday,5199.02,4765.42,64.17,3.0356,0.1248,5120,64.5
2022-06-01,2022,6,1,Wednesday,5184.97,4752.54,62.86,-0.2702,-2.0415,5180,62.8
2022-06-02,2022,6,2,Thursday,5099.39,4674.1,64.61,-1.6505,2.784,5180,62.8
2022-06-03,2022,6,3,Friday,5162.32,4731.78,63.58,1.2341,-1.5942,5180,62.8
2022-06-04,2022,6,4,Saturday,5153.04,4723.28,63.94,-0.1798,0.5662,5180,62.8
2022-06-05,2022,6,5,Sunday,5151.17,4721.56,63.56,-0.0363,-0.5943,5180,62.8
2022-06-06,2022,6,6,Monday,5109.72,4683.57,62.71,-0.8047,-1.3373,5180,62.8
2022-06-07,2022,6,7,Tuesday,5064.25,4641.89,62.58,-0.8899,-0.2073,5180,62.8
2022-06-08,2022,6,8,Wednesday,5090.39,4665.85,61.6,0.5162,-1.566,5180,62.8
2022-06-09,2022,6,9,Thursday,5135.0,4706.74,59.36,0.8764,-3.6364,5180,62.8
2022-06-10,2022,6,10,Friday,5248.12,4810.43,61.76,2.2029,4.0431,5180,62.8
2022-06-11,2022,6,11,Saturday,5204.32,4770.28,63.36,-0.8346,2.5907,5180,62.8
2022-06-12,2022,6,12,Sunday,5256.07,4817.71,61.52,0.9944,-2.904,5180,62.8
2022-06-13,2022,6,13,Monday,5078.23,4654.71,64.83,-3.3835,5.3804,5180,62.8
2022-06-14,2022,6,14,Tuesday,5034.69,4614.8,61.55,-0.8574,-5.0594,5180,62.8
2022-06-15,2022,6,15,Wednesday,5269.73,4830.23,61.42,4.6684,-0.2112,5180,62.8
2022-06-16,2022,6,16,Thursday,5044.96,4624.21,61.16,-4.2653,-0.4233,5180,62.8
2022-06-17,2022,6,17,Friday,5211.13,4776.52,62.18,3.2938,1.6678,5180,62.8
2022-06-18,2022,6,18,Saturday,5192.1,4759.08,63.26,-0.3652,1.7369,5180,62.8
2022-06-19,2022,6,19,Sunday,5271.95,4832.27,60.8,1.5379,-3.8887,5180,62.8
2022-06-20,2022,6,20,Monday,5063.47,4641.18,61.31,-3.9545,0.8388,5180,62.8
2022-06-21,2022,6,21,Tuesday,5220.67,4785.27,63.49,3.1046,3.5557,5180,62.8
2022-06-22,2022,6,22,Wednesday,5159.93,4729.59,61.8,-1.1635,-2.6618,5180,62.8
2022-06-23,2022,6,23,Thursday,5161.05,4730.62,61.8,0.0217,0.0,5180,62.8
2022-06-24,2022,6,24,Friday,5319.79,4876.12,63.59,3.0757,2.8964,5180,62.8
2022-06-25,2022,6,25,Saturday,5115.45,4688.82,61.39,-3.8411,-3.4597,5180,62.8
2022-06-26,2022,6,26,Sunday,5138.21,4709.68,62.69,0.4449,2.1176,5180,62.8
2022-06-27,2022,6,27,Monday,5172.66,4741.26,64.47,0.6705,2.8394,5180,62.8
2022-06-28,2022,6,28,Tuesday,5086.39,4662.19,63.62,-1.6678,-1.3184,5180,62.8
2022-06-29,2022,6,29,Wednesday,5132.78,4704.71,63.58,0.912,-0.0629,5180,62.8
2022-06-30,2022,6,30,Thursday,5306.82,4864.23,63.67,3.3908,0.1416,5180,62.8
2022-07-01,2022,7,1,Friday,5081.45,4657.66,59.1,-4.2468,-7.1776,5150,58.2
2022-07-02,2022,7,2,Saturday,5178.42,4746.54,58.61,1.9083,-0.8291,5150,58.2
2022-07-03,2022,7,3,Sunday,5250.62,4812.72,57.14,1.3942,-2.5081,5150,58.2
2022-07-04,2022,7,4,Monday,5119.78,4692.79,58.6,-2.4919,2.5551,5150,58.2
2022-07-05,2022,7,5,Tuesday,5129.38,4701.59,56.63,0.1875,-3.3618,5150,58.2
2022-07-06,2022,7,6,Wednesday,5025.42,4606.3,58.13,-2.0268,2.6488,5150,58.2
2022-07-07,2022,7,7,Thursday,5057.3,4635.52,57.79,0.6344,-0.5849,5150,58.2
2022-07-08,2022,7,8,Friday,5244.36,4806.98,58.5,3.6988,1.2286,5150,58.2
2022-07-09,2022,7,9,Saturday,5067.63,4644.99,57.97,-3.3699,-0.906,5150,58.2
2022-07-10,2022,7,10,Sunday,5178.03,4746.18,56.06,2.1785,-3.2948,5150,58.2
2022-07-11,2022,7,11,Monday,5158.27,4728.07,59.71,-0.3816,6.5109,5150,58.2
2022-07-12,2022,7,12,Tuesday,5255.32,4817.03,58.71,1.8814,-1.6748,5150,58.2
2022-07-13,2022,7,13,Wednesday,5306.43,4863.87,58.94,0.9725,0.3918,5150,58.2
2022-07-14,2022,7,14,Thursday,5065.58,4643.11,58.87,-4.5388,-0.1188,5150,58.2
2022-07-15,2022,7,15,Friday,5238.1,4801.24,60.17,3.4057,2.2083,5150,58.2
2022-07-16,2022,7,16,Saturday,5131.07,4703.14,57.46,-2.0433,-4.5039,5150,58.2
2022-07-17,2022,7,17,Sunday,5072.04,4649.03,58.01,-1.1504,0.9572,5150,58.2
2022-07-18,2022,7,18,Monday,5147.88,4718.55,57.97,1.4953,-0.069,5150,58.2
2022-07-19,2022,7,19,Tuesday,5189.15,4756.37,57.52,0.8017,-0.7763,5150,58.2
2022-07-20,2022,7,20,Wednesday,5267.0,4827.73,56.66,1.5002,-1.4951,5150,58.2
2022-07-21,2022,7,21,Thursday,5098.36,4673.16,60.38,-3.2018,6.5655,5150,58.2
2022-07-22,2022,7,22,Friday,5240.22,4803.19,58.88,2.7825,-2.4843,5150,58.2
2022-07-23,2022,7,23,Saturday,5073.38,4650.26,58.27,-3.1838,-1.036,5150,58.2
2022-07-24,2022,7,24,Sunday,5123.45,4696.15,58.37,0.9869,0.1716,5150,58.2
2022-07-25,2022,7,25,Monday,5093.53,4668.73,57.91,-0.584,-0.7881,5150,58.2
2022-07-26,2022,7,26,Tuesday,5161.42,4730.96,59.93,1.3329,3.4882,5150,58.2
2022-07-27,2022,7,27,Wednesday,5087.98,4663.64,59.01,-1.4229,-1.5351,5150,58.2
2022-07-28,2022,7,28,Thursday,5215.5,4780.53,59.7,2.5063,1.1693,5150,58.2
2022-07-29,2022,7,29,Friday,5283.24,4842.62,57.42,1.2988,-3.8191,5150,58.2
2022-07-30,2022,7,30,Saturday,5257.02,4818.58,58.89,-0.4963,2.5601,5150,58.2
2022-07-31,2022,7,31,Sunday,5123.07,4695.81,58.86,-2.548,-0.0509,5150,58.2
2022-08-01,2022,8,1,Monday,5118.5,4691.62,53.96,-0.0892,-8.3248,5190,55.8
2022-08-02,2022,8,2,Tuesday,5153.25,4723.47,54.89,0.6789,1.7235,5190,55.8
2022-08-03,2022,8,3,Wednesday,5194.9,4761.65,55.17,0.8082,0.5101,5190,55.8
2022-08-04,2022,8,4,Thursday,5259.69,4821.03,55.86,1.2472,1.2507,5190,55.8
2022-08-05,2022,8,5,Friday,5143.84,4714.84,56.5,-2.2026,1.1457,5190,55.8
2022-08-06,2022,8,6,Saturday,5329.6,4885.11,55.81,3.6113,-1.2212,5190,55.8
2022-08-07,2022,8,7,Sunday,5258.63,4820.06,57.15,-1.3316,2.401,5190,55.8
2022-08-08,2022,8,8,Monday,5201.39,4767.59,54.07,-1.0885,-5.3893,5190,55.8
2022-08-09,2022,8,9,Tuesday,5134.94,4706.69,57.64,-1.2775,6.6026,5190,55.8
2022-08-10,2022,8,10,Wednesday,5172.53,4741.14,55.49,0.732,-3.73,5190,55.8
2022-08-11,2022,8,11,Thursday,5184.75,4752.34,56.36,0.2362,1.5679,5190,55.8
2022-08-12,2022,8,12,Friday,5319.78,4876.11,58.55,2.6044,3.8857,5190,55.8
2022-08-13,2022,8,13,Saturday,5229.12,4793.01,56.84,-1.7042,-2.9206,5190,55.8
2022-08-14,2022,8,14,Sunday,5137.23,4708.79,57.43,-1.7573,1.038,5190,55.8
2022-08-15,2022,8,15,Monday,5114.92,4688.34,53.61,-0.4343,-6.6516,5190,55.8
2022-08-16,2022,8,16,Tuesday,5163.73,4733.07,55.49,0.9543,3.5068,5190,55.8
2022-08-17,2022,8,17,Wednesday,5183.77,4751.44,56.66,0.3881,2.1085,5190,55.8
2022-08-18,2022,8,18,Thursday,5314.7,4871.45,56.19,2.5258,-0.8295,5190,55.8
2022-08-19,2022,8,19,Friday,5245.42,4807.95,55.88,-1.3036,-0.5517,5190,55.8
2022-08-20,2022,8,20,Saturday,5256.2,4817.83,58.18,0.2055,4.116,5190,55.8
2022-08-21,2022,8,21,Sunday,5150.31,4720.77,55.28,-2.0146,-4.9845,5190,55.8
2022-08-22,2022,8,22,Monday,5252.26,4814.22,55.44,1.9795,0.2894,5190,55.8
2022-08-23,2022,8,23,Tuesday,5212.46,4777.74,57.16,-0.7578,3.1025,5190,55.8
2022-08-24,2022,8,24,Wednesday,5231.48,4795.17,55.29,0.3649,-3.2715,5190,55.8
2022-08-25,2022,8,25,Thursday,5107.11,4681.18,55.11,-2.3773,-0.3256,5190,55.8
2022-08-26,2022,8,26,Friday,5173.76,4742.27,57.14,1.305,3.6835,5190,55.8
2022-08-27,2022,8,27,Saturday,5057.0,4635.25,55.52,-2.2568,-2.8351,5190,55.8
2022-08-28,2022,8,28,Sunday,5101.78,4676.29,56.33,0.8855,1.4589,5190,55.8
2022-08-29,2022,8,29,Monday,5180.01,4748.0,54.84,1.5334,-2.6451,5190,55.8
2022-08-30,2022,8,30,Tuesday,5214.25,4779.38,55.74,0.661,1.6411,5190,55.8
2022-08-31,2022,8,31,Wednesday,5220.54,4785.15,54.79,0.1206,-1.7043,5190,55.8
2022-09-01,2022,9,1,Thursday,5055.73,4634.08,52.01,-3.157,-5.0739,5010,52.5
2022-09-02,2022,9,2,Friday,4920.94,4510.53,52.28,-2.6661,0.5191,5010,52.5
2022-09-03,2022,9,3,Saturday,5041.78,4621.3,54.23,2.4556,3.7299,5010,52.5
2022-09-04,2022,9,4,Sunday,4881.3,4474.2,52.73,-3.183,-2.766,5010,52.5
2022-09-05,2022,9,5,Monday,4987.88,4571.89,53.17,2.1834,0.8344,5010,52.5
2022-09-06,2022,9,6,Tuesday,5080.97,4657.22,50.96,1.8663,-4.1565,5010,52.5
2022-09-07,2022,9,7,Wednesday,5087.71,4663.39,50.77,0.1327,-0.3728,5010,52.5
2022-09-08,2022,9,8,Thursday,4938.55,4526.67,52.05,-2.9318,2.5212,5010,52.5
2022-09-09,2022,9,9,Friday,4966.18,4552.0,52.81,0.5595,1.4601,5010,52.5
2022-09-10,2022,9,10,Saturday,4868.3,4462.28,51.17,-1.9709,-3.1055,5010,52.5
2022-09-11,2022,9,11,Sunday,4971.19,4556.59,51.34,2.1135,0.3322,5010,52.5
2022-09-12,2022,9,12,Monday,5062.44,4640.23,50.98,1.8356,-0.7012,5010,52.5
2022-09-13,2022,9,13,Tuesday,4970.74,4556.18,51.28,-1.8114,0.5885,5010,52.5
2022-09-14,2022,9,14,Wednesday,4853.85,4449.04,51.83,-2.3516,1.0725,5010,52.5
2022-09-15,2022,9,15,Thursday,4940.54,4528.5,52.26,1.786,0.8296,5010,52.5
2022-09-16,2022,9,16,Friday,5222.36,4786.82,53.3,5.7042,1.99,5010,52.5
2022-09-17,2022,9,17,Saturday,4981.81,4566.33,53.26,-4.6062,-0.075,5010,52.5
2022-09-18,2022,9,18,Sunday,5006.24,4588.72,52.38,0.4904,-1.6523,5010,52.5
2022-09-19,2022,9,19,Monday,4995.82,4579.17,53.34,-0.2081,1.8328,5010,52.5
2022-09-20,2022,9,20,Tuesday,5017.35,4598.9,50.58,0.431,-5.1744,5010,52.5
2022-09-21,2022,9,21,Wednesday,5053.6,4632.13,52.75,0.7225,4.2902,5010,52.5
2022-09-22,2022,9,22,Thursday,5021.31,4602.53,52.17,-0.639,-1.0995,5010,52.5
2022-09-23,2022,9,23,Friday,4995.84,4579.19,53.61,-0.5072,2.7602,5010,52.5
2022-09-24,2022,9,24,Saturday,5073.86,4650.7,54.82,1.5617,2.257,5010,52.5
2022-09-25,2022,9,25,Sunday,5047.63,4626.66,52.63,-0.517,-3.9949,5010,52.5
2022-09-26,2022,9,26,Monday,5087.41,4663.12,52.12,0.7881,-0.969,5010,52.5
2022-09-27,2022,9,27,Tuesday,5102.33,4676.8,53.98,0.2933,3.5687,5010,52.5
2022-09-28,2022,9,28,Wednesday,5169.0,4737.91,53.9,1.3067,-0.1482,5010,52.5
2022-09-29,2022,9,29,Thursday,5091.53,4666.9,53.17,-1.4987,-1.3544,5010,52.5
2022-09-30,2022,9,30,Friday,4799.08,4398.84,52.88,-5.7439,-0.5454,5010,52.5
2022-10-01,2022,10,1,Saturday,5103.16,4677.56,54.5,6.3362,3.0635,5080,55.2
2022-10-02,2022,10,2,Sunday,5127.05,4699.45,54.7,0.4681,0.367,5080,55.2
2022-10-03,2022,10,3,Monday,5036.98,4616.9,53.43,-1.7568,-2.3218,5080,55.2
2022-10-04,2022,10,4,Tuesday,4958.25,4544.73,55.79,-1.563,4.417,5080,55.2
2022-10-05,2022,10,5,Wednesday,5149.81,4720.32,54.15,3.8635,-2.9396,5080,55.2
2022-10-06,2022,10,6,Thursday,4973.66,4558.86,53.63,-3.4205,-0.9603,5080,55.2
2022-10-07,2022,10,7,Friday,5030.52,4610.97,56.41,1.1432,5.1837,5080,55.2
2022-10-08,2022,10,8,Saturday,5081.09,4657.33,56.72,1.0053,0.5495,5080,55.2
2022-10-09,2022,10,9,Sunday,5039.03,4618.77,55.38,-0.8278,-2.3625,5080,55.2
2022-10-10,2022,10,10,Monday,5141.21,4712.43,55.06,2.0278,-0.5778,5080,55.2
2022-10-11,2022,10,11,Tuesday,5041.0,4620.58,56.78,-1.9492,3.1239,5080,55.2
2022-10-12,2022,10,12,Wednesday,5067.82,4645.16,53.9,0.532,-5.0722,5080,55.2
2022-10-13,2022,10,13,Thursday,4960.76,4547.03,57.16,-2.1125,6.0482,5080,55.2
2022-10-14,2022,10,14,Friday,5130.32,4702.45,56.31,3.418,-1.4871,5080,55.2
2022-10-15,2022,10,15,Saturday,5032.46,4612.75,53.69,-1.9075,-4.6528,5080,55.2
2022-10-16,2022,10,16,Sunday,5128.2,4700.51,54.74,1.9024,1.9557,5080,55.2
2022-10-17,2022,10,17,Monday,5044.9,4624.16,57.35,-1.6244,4.768,5080,55.2
2022-10-18,2022,10,18,Tuesday,5073.87,4650.71,55.22,0.5742,-3.714,5080,55.2
2022-10-19,2022,10,19,Wednesday,5017.45,4598.99,53.8,-1.112,-2.5715,5080,55.2
2022-10-20,2022,10,20,Thursday,5140.18,4711.49,55.85,2.4461,3.8104,5080,55.2
2022-10-21,2022,10,21,Friday,5135.9,4707.57,56.1,-0.0833,0.4476,5080,55.2
2022-10-22,2022,10,22,Saturday,5107.04,4681.11,55.73,-0.5619,-0.6595,5080,55.2
2022-10-23,2022,10,23,Sunday,5109.04,4682.95,54.19,0.0392,-2.7633,5080,55.2
2022-10-24,2022,10,24,Monday,5127.47,4699.84,58.64,0.3607,8.2118,5080,55.2
2022-10-25,2022,10,25,Tuesday,5038.24,4618.05,52.31,-1.7402,-10.7947,5080,55.2
2022-10-26,2022,10,26,Wednesday,4997.43,4580.64,56.11,-0.81,7.2644,5080,55.2
2022-10-27,2022,10,27,Thursday,5114.11,4687.59,53.17,2.3348,-5.2397,5080,55.2
2022-10-28,2022,10,28,Friday,5074.73,4651.5,56.2,-0.77,5.6987,5080,55.2
2022-10-29,2022,10,29,Saturday,5084.49,4660.44,55.31,0.1923,-1.5836,5080,55.2
2022-10-30,2022,10,30,Sunday,4952.6,4539.55,55.69,-2.594,0.687,5080,55.2
2022-10-31,2022,10,31,Monday,5082.98,4659.06,55.34,2.6326,-0.6285,5080,55.2
2022-11-01,2022,11,1,Tuesday,5217.77,4782.61,59.31,2.6518,7.1738,5260,58.8
2022-11-02,2022,11,2,Wednesday,5257.06,4818.62,60.23,0.753,1.5512,5260,58.8
2022-11-03,2022,11,3,Thursday,5292.01,4850.66,58.98,0.6648,-2.0754,5260,58.8
2022-11-04,2022,11,4,Friday,5227.83,4791.83,58.69,-1.2128,-0.4917,5260,58.8
2022-11-05,2022,11,5,Saturday,5285.56,4844.74,59.4,1.1043,1.2097,5260,58.8
2022-11-06,2022,11,6,Sunday,5324.52,4880.46,57.09,0.7371,-3.8889,5260,58.8
2022-11-07,2022,11,7,Monday,5216.81,4781.73,58.62,-2.0229,2.68,5260,58.8
2022-11-08,2022,11,8,Tuesday,5197.25,4763.8,58.08,-0.3749,-0.9212,5260,58.8
2022-11-09,2022,11,9,Wednesday,5196.82,4763.41,58.36,-0.0083,0.4821,5260,58.8
2022-11-10,2022,11,10,Thursday,5266.36,4827.15,59.3,1.3381,1.6107,5260,58.8
2022-11-11,2022,11,11,Friday,5234.71,4798.14,58.76,-0.601,-0.9106,5260,58.8
2022-11-12,2022,11,12,Saturday,4993.7,4577.23,56.47,-4.6041,-3.8972,5260,58.8
2022-11-13,2022,11,13,Sunday,5259.65,4821.0,57.35,5.3257,1.5583,5260,58.8
2022-11-14,2022,11,14,Monday,5189.66,4756.84,57.77,-1.3307,0.7323,5260,58.8
2022-11-15,2022,11,15,Tuesday,5240.61,4803.54,58.81,0.9818,1.8002,5260,58.8
2022-11-16,2022,11,16,Wednesday,5324.59,4880.52,58.02,1.6025,-1.3433,5260,58.8
2022-11-17,2022,11,17,Thursday,5175.43,4743.8,57.51,-2.8013,-0.879,5260,58.8
2022-11-18,2022,11,18,Friday,5341.24,4895.78,59.31,3.2038,3.1299,5260,58.8
2022-11-19,2022,11,19,Saturday,5179.81,4747.81,59.08,-3.0223,-0.3878,5260,58.8
2022-11-20,2022,11,20,Sunday,5268.49,4829.1,57.81,1.712,-2.1496,5260,58.8
2022-11-21,2022,11,21,Monday,5230.09,4793.9,60.05,-0.7289,3.8748,5260,58.8
2022-11-22,2022,11,22,Tuesday,5282.17,4841.64,60.77,0.9958,1.199,5260,58.8
2022-11-23,2022,11,23,Wednesday,5365.64,4918.15,58.71,1.5802,-3.3898,5260,58.8
2022-11-24,2022,11,24,Thursday,5281.74,4841.24,59.86,-1.5637,1.9588,5260,58.8
2022-11-25,2022,11,25,Friday,5353.94,4907.42,57.03,1.367,-4.7277,5260,58.8
2022-11-26,2022,11,26,Saturday,5230.94,4794.68,59.48,-2.2974,4.296,5260,58.8
2022-11-27,2022,11,27,Sunday,5313.4,4870.26,58.36,1.5764,-1.883,5260,58.8
2022-11-28,2022,11,28,Monday,5266.0,4826.82,59.91,-0.8921,2.6559,5260,58.8
2022-11-29,2022,11,29,Tuesday,5313.44,4870.3,58.33,0.9009,-2.6373,5260,58.8
2022-11-30,2022,11,30,Wednesday,5275.35,4835.39,61.11,-0.7169,4.766,5260,58.8
2022-12-01,2022,12,1,Thursday,5559.58,5095.91,60.08,5.3879,-1.6855,5450,60.5
2022-12-02,2022,12,2,Friday,5488.85,5031.08,60.07,-1.2722,-0.0166,5450,60.5
2022-12-03,2022,12,3,Saturday,5345.36,4899.56,59.63,-2.6142,-0.7325,5450,60.5
2022-12-04,2022,12,4,Sunday,5197.65,4764.17,60.71,-2.7633,1.8112,5450,60.5
2022-12-05,2022,12,5,Monday,5443.48,4989.49,62.36,4.7296,2.7178,5450,60.5
2022-12-06,2022,12,6,Tuesday,5467.34,5011.36,61.13,0.4383,-1.9724,5450,60.5
2022-12-07,2022,12,7,Wednesday,5437.11,4983.66,59.53,-0.5529,-2.6174,5450,60.5
2022-12-08,2022,12,8,Thursday,5306.51,4863.95,58.74,-2.402,-1.3271,5450,60.5
2022-12-09,2022,12,9,Friday,5367.4,4919.76,60.48,1.1475,2.9622,5450,60.5
2022-12-10,2022,12,10,Saturday,5483.88,5026.52,59.56,2.1701,-1.5212,5450,60.5
2022-12-11,2022,12,11,Sunday,5488.88,5031.11,59.79,0.0912,0.3862,5450,60.5
2022-12-12,2022,12,12,Monday,5490.98,5033.03,58.27,0.0383,-2.5422,5450,60.5
2022-12-13,2022,12,13,Tuesday,5504.28,5045.22,60.9,0.2422,4.5135,5450,60.5
2022-12-14,2022,12,14,Wednesday,5384.26,4935.21,59.84,-2.1805,-1.7406,5450,60.5
2022-12-15,2022,12,15,Thursday,5531.51,5070.18,61.37,2.7348,2.5568,5450,60.5
2022-12-16,2022,12,16,Friday,5452.36,4997.63,59.76,-1.4309,-2.6234,5450,60.5
2022-12-17,2022,12,17,Saturday,5544.05,5081.68,59.74,1.6817,-0.0335,5450,60.5
2022-12-18,2022,12,18,Sunday,5501.17,5042.37,63.32,-0.7734,5.9926,5450,60.5
2022-12-19,2022,12,19,Monday,5320.23,4876.52,59.38,-3.2891,-6.2224,5450,60.5
2022-12-20,2022,12,20,Tuesday,5345.41,4899.6,62.07,0.4733,4.5301,5450,60.5
2022-12-21,2022,12,21,Wednesday,5370.96,4923.02,58.59,0.478,-5.6066,5450,60.5
2022-12-22,2022,12,22,Thursday,5465.67,5009.83,58.72,1.7634,0.2219,5450,60.5
2022-12-23,2022,12,23,Friday,5570.72,5106.12,60.41,1.922,2.8781,5450,60.5
2022-12-24,2022,12,24,Saturday,5471.57,5015.24,58.99,-1.7798,-2.3506,5450,60.5
2022-12-25,2022,12,25,Sunday,5480.71,5023.62,60.57,0.167,2.6784,5450,60.5
2022-12-26,2022,12,26,Monday,5588.35,5122.28,58.07,1.964,-4.1275,5450,60.5
2022-12-27,2022,12,27,Tuesday,5445.08,4990.96,58.85,-2.5637,1.3432,5450,60.5
2022-12-28,2022,12,28,Wednesday,5429.0,4976.22,58.59,-0.2953,-0.4418,5450,60.5
2022-12-29,2022,12,29,Thursday,5529.85,5068.66,60.82,1.8576,3.8061,5450,60.5
2022-12-30,2022,12,30,Friday,5495.02,5036.74,63.69,-0.6299,4.7188,5450,60.5
2022-12-31,2022,12,31,Saturday,5505.14,5046.01,59.63,0.1842,-6.3746,5450,60.5
2023-01-01,2023,1,1,Sunday,5430.7,4977.78,66.46,-1.3522,11.454,5580,68.5
2023-01-02,2023,1,2,Monday,5628.95,5159.5,69.14,3.6505,4.0325,5580,68.5
2023-01-03,2023,1,3,Tuesday,5646.96,5176.0,70.67,0.32,2.2129,5580,68.5
2023-01-04,2023,1,4,Wednesday,5538.34,5076.44,68.47,-1.9235,-3.1131,5580,68.5
2023-01-05,2023,1,5,Thursday,5569.7,5105.19,69.35,0.5662,1.2852,5580,68.5
2023-01-06,2023,1,6,Friday,5457.83,5002.65,67.11,-2.0085,-3.23,5580,68.5
2023-01-07,2023,1,7,Saturday,5612.4,5144.33,67.81,2.8321,1.0431,5580,68.5
2023-01-08,2023,1,8,Sunday,5557.25,5093.78,66.99,-0.9826,-1.2093,5580,68.5
2023-01-09,2023,1,9,Monday,5571.74,5107.06,69.01,0.2607,3.0154,5580,68.5
2023-01-10,2023,1,10,Tuesday,5715.88,5239.18,71.71,2.587,3.9125,5580,68.5
2023-01-11,2023,1,11,Wednesday,5720.8,5243.69,69.32,0.0861,-3.3329,5580,68.5
2023-01-12,2023,1,12,Thursday,5547.48,5084.82,68.22,-3.0296,-1.5868,5580,68.5
2023-01-13,2023,1,13,Friday,5550.12,5087.24,68.0,0.0476,-0.3225,5580,68.5
2023-01-14,2023,1,14,Saturday,5625.67,5156.49,67.98,1.3612,-0.0294,5580,68.5
2023-01-15,2023,1,15,Sunday,5559.3,5095.65,69.15,-1.1798,1.7211,5580,68.5
2023-01-16,2023,1,16,Monday,5472.44,5016.04,69.4,-1.5624,0.3615,5580,68.5
2023-01-17,2023,1,17,Tuesday,5545.9,5083.37,65.46,1.3424,-5.6772,5580,68.5
2023-01-18,2023,1,18,Wednesday,5633.02,5163.23,66.46,1.5709,1.5277,5580,68.5
2023-01-19,2023,1,19,Thursday,5559.37,5095.72,69.49,-1.3075,4.5591,5580,68.5
2023-01-20,2023,1,20,Friday,5495.35,5037.04,70.53,-1.1516,1.4966,5580,68.5
2023-01-21,2023,1,21,Saturday,5653.99,5182.45,66.09,2.8868,-6.2952,5580,68.5
2023-01-22,2023,1,22,Sunday,5500.94,5042.16,68.11,-2.7069,3.0564,5580,68.5
2023-01-23,2023,1,23,Monday,5443.05,4989.1,67.53,-1.0524,-0.8516,5580,68.5
2023-01-24,2023,1,24,Tuesday,5802.01,5318.12,71.66,6.5948,6.1158,5580,68.5
2023-01-25,2023,1,25,Wednesday,5569.19,5104.72,69.2,-4.0127,-3.4329,5580,68.5
2023-01-26,2023,1,26,Thursday,5632.13,5162.41,67.67,1.1301,-2.211,5580,68.5
2023-01-27,2023,1,27,Friday,5489.29,5031.48,67.76,-2.5362,0.133,5580,68.5
2023-01-28,2023,1,28,Saturday,5428.49,4975.75,69.81,-1.1076,3.0254,5580,68.5
2023-01-29,2023,1,29,Sunday,5694.93,5219.97,67.57,4.9082,-3.2087,5580,68.5
2023-01-30,2023,1,30,Monday,5649.67,5178.49,70.36,-0.7947,4.1291,5580,68.5
2023-01-31,2023,1,31,Tuesday,5761.7,5281.17,68.55,1.9829,-2.5725,5580,68.5
2023-02-01,2023,2,1,Wednesday,5643.83,5173.13,65.72,-2.0458,-4.1284,5620,65.8
2023-02-02,2023,2,2,Thursday,5668.55,5195.79,64.7,0.438,-1.552,5620,65.8
2023-02-03,2023,2,3,Friday,5578.93,5113.65,64.68,-1.581,-0.0309,5620,65.8
2023-02-04,2023,2,4,Saturday,5587.37,5121.38,66.18,0.1513,2.3191,5620,65.8
2023-02-05,2023,2,5,Sunday,5611.16,5143.19,67.07,0.4258,1.3448,5620,65.8
2023-02-06,2023,2,6,Monday,5596.61,5129.85,65.45,-0.2593,-2.4154,5620,65.8
2023-02-07,2023,2,7,Tuesday,5551.87,5088.84,65.85,-0.7994,0.6112,5620,65.8
2023-02-08,2023,2,8,Wednesday,5815.1,5330.12,64.57,4.7413,-1.9438,5620,65.8
2023-02-09,2023,2,9,Thursday,5709.03,5232.9,65.13,-1.824,0.8673,5620,65.8
2023-02-10,2023,2,10,Friday,5677.12,5203.65,65.93,-0.5589,1.2283,5620,65.8
2023-02-11,2023,2,11,Saturday,5525.3,5064.49,66.3,-2.6742,0.5612,5620,65.8
2023-02-12,2023,2,12,Sunday,5599.25,5132.27,66.16,1.3384,-0.2112,5620,65.8
2023-02-13,2023,2,13,Monday,5564.4,5100.33,67.61,-0.6224,2.1917,5620,65.8
2023-02-14,2023,2,14,Tuesday,5652.44,5181.03,66.48,1.5822,-1.6714,5620,65.8
2023-02-15,2023,2,15,Wednesday,5599.83,5132.8,66.2,-0.9307,-0.4212,5620,65.8
2023-02-16,2023,2,16,Thursday,5734.41,5256.16,68.19,2.4033,3.006,5620,65.8
2023-02-17,2023,2,17,Friday,5506.96,5047.68,64.78,-3.9664,-5.0007,5620,65.8
2023-02-18,2023,2,18,Saturday,5494.42,5036.19,67.32,-0.2277,3.921,5620,65.8
2023-02-19,2023,2,19,Sunday,5764.14,5283.41,65.57,4.909,-2.5995,5620,65.8
2023-02-20,2023,2,20,Monday,5583.49,5117.83,65.5,-3.134,-0.1068,5620,65.8
2023-02-21,2023,2,21,Tuesday,5546.86,5084.25,67.2,-0.656,2.5954,5620,65.8
2023-02-22,2023,2,22,Wednesday,5700.36,5224.95,66.2,2.7673,-1.4881,5620,65.8
2023-02-23,2023,2,23,Thursday,5617.85,5149.32,67.78,-1.4475,2.3867,5620,65.8
2023-02-24,2023,2,24,Friday,5603.18,5135.87,66.49,-0.2611,-1.9032,5620,65.8
2023-02-25,2023,2,25,Saturday,5572.81,5108.04,67.16,-0.542,1.0077,5620,65.8
2023-02-26,2023,2,26,Sunday,5499.71,5041.03,62.35,-1.3117,-7.162,5620,65.8
2023-02-27,2023,2,27,Monday,5630.0,5160.46,67.29,2.369,7.923,5620,65.8
2023-02-28,2023,2,28,Tuesday,5523.52,5062.86,62.53,-1.8913,-7.0739,5620,65.8
2023-03-01,2023,3,1,Wednesday,5944.4,5448.64,67.17,7.6198,7.4204,5850,67.2
2023-03-02,2023,3,2,Thursday,5797.41,5313.91,65.13,-2.4727,-3.0371,5850,67.2
2023-03-03,2023,3,3,Friday,5850.78,5362.82,67.53,0.9206,3.6849,5850,67.2
2023-03-04,2023,3,4,Saturday,5854.2,5365.96,64.92,0.0585,-3.8649,5850,67.2
2023-03-05,2023,3,5,Sunday,5761.9,5281.36,66.09,-1.5766,1.8022,5850,67.2
2023-03-06,2023,3,6,Monday,5763.33,5282.67,68.42,0.0248,3.5255,5850,67.2
2023-03-07,2023,3,7,Tuesday,5909.61,5416.75,69.2,2.5381,1.14,5850,67.2
2023-03-08,2023,3,8,Wednesday,5980.32,5481.56,68.11,1.1965,-1.5751,5850,67.2
2023-03-09,2023,3,9,Thursday,5744.19,5265.12,65.84,-3.9485,-3.3328,5850,67.2
2023-03-10,2023,3,10,Friday,6073.3,5566.79,64.78,5.7294,-1.61,5850,67.2
2023-03-11,2023,3,11,Saturday,5907.37,5414.7,66.48,-2.7321,2.6243,5850,67.2
2023-03-12,2023,3,12,Sunday,5676.61,5203.18,68.6,-3.9063,3.1889,5850,67.2
2023-03-13,2023,3,13,Monday,5632.2,5162.47,66.64,-0.7823,-2.8571,5850,67.2
2023-03-14,2023,3,14,Tuesday,5709.25,5233.1,69.02,1.368,3.5714,5850,67.2
2023-03-15,2023,3,15,Wednesday,5741.94,5263.06,69.01,0.5726,-0.0145,5850,67.2
2023-03-16,2023,3,16,Thursday,5865.1,5375.95,67.05,2.1449,-2.8402,5850,67.2
2023-03-17,2023,3,17,Friday,5823.51,5337.83,68.78,-0.7091,2.5802,5850,67.2
2023-03-18,2023,3,18,Saturday,5845.97,5358.42,67.02,0.3857,-2.5589,5850,67.2
2023-03-19,2023,3,19,Sunday,5876.7,5386.58,64.94,0.5257,-3.1036,5850,67.2
2023-03-20,2023,3,20,Monday,6037.7,5534.16,68.0,2.7396,4.712,5850,67.2
2023-03-21,2023,3,21,Tuesday,5860.96,5372.16,67.17,-2.9273,-1.2206,5850,67.2
2023-03-22,2023,3,22,Wednesday,5833.18,5346.69,65.9,-0.474,-1.8907,5850,67.2
2023-03-23,2023,3,23,Thursday,5937.5,5442.31,67.09,1.7884,1.8058,5850,67.2
2023-03-24,2023,3,24,Friday,5848.39,5360.63,68.77,-1.5008,2.5041,5850,67.2
2023-03-25,2023,3,25,Saturday,6064.34,5558.57,65.01,3.6925,-5.4675,5850,67.2
2023-03-26,2023,3,26,Sunday,5937.26,5442.09,65.14,-2.0955,0.2,5850,67.2
2023-03-27,2023,3,27,Monday,5791.97,5308.92,66.09,-2.4471,1.4584,5850,67.2
2023-03-28,2023,3,28,Tuesday,5908.31,5415.56,68.31,2.0086,3.3591,5850,67.2
2023-03-29,2023,3,29,Wednesday,5951.16,5454.83,66.49,0.7252,-2.6643,5850,67.2
2023-03-30,2023,3,30,Thursday,5709.74,5233.55,67.96,-4.0567,2.2109,5850,67.2
2023-03-31,2023,3,31,Friday,5925.17,5431.01,68.94,3.773,1.442,5850,67.2
2023-04-01,2023,4,1,Saturday,5978.07,5479.5,72.83,0.8928,5.6426,6080,74.5
2023-04-02,2023,4,2,Sunday,6287.53,5763.15,74.42,5.1766,2.1832,6080,74.5
2023-04-03,2023,4,3,Monday,6107.05,5597.72,76.14,-2.8704,2.3112,6080,74.5
2023-04-04,2023,4,4,Tuesday,6107.14,5597.8,74.85,0.0015,-1.6942,6080,74.5
2023-04-05,2023,4,5,Wednesday,6227.27,5707.92,75.2,1.967,0.4676,6080,74.5
2023-04-06,2023,4,6,Thursday,6215.27,5696.92,73.33,-0.1927,-2.4867,6080,74.5
2023-04-07,2023,4,7,Friday,6017.31,5515.47,73.48,-3.1851,0.2046,6080,74.5
2023-04-08,2023,4,8,Saturday,6017.41,5515.56,73.85,0.0017,0.5035,6080,74.5
2023-04-09,2023,4,9,Sunday,6147.21,5634.53,73.55,2.1571,-0.4062,6080,74.5
2023-04-10,2023,4,10,Monday,6041.77,5537.89,74.71,-1.7152,1.5772,6080,74.5
2023-04-11,2023,4,11,Tuesday,6151.06,5638.06,71.68,1.8089,-4.0557,6080,74.5
2023-04-12,2023,4,12,Wednesday,5922.56,5428.62,75.02,-3.7148,4.6596,6080,74.5
2023-04-13,2023,4,13,Thursday,6054.22,5549.3,75.96,2.223,1.253,6080,74.5
2023-04-14,2023,4,14,Friday,6137.05,5625.22,74.54,1.3681,-1.8694,6080,74.5
2023-04-15,2023,4,15,Saturday,5980.52,5481.74,72.87,-2.5506,-2.2404,6080,74.5
2023-04-16,2023,4,16,Sunday,5961.82,5464.6,77.86,-0.3127,6.8478,6080,74.5
2023-04-17,2023,4,17,Monday,6150.94,5637.95,71.19,3.1722,-8.5667,6080,74.5
2023-04-18,2023,4,18,Tuesday,6138.37,5626.43,76.99,-0.2044,8.1472,6080,74.5
2023-04-19,2023,4,19,Wednesday,6120.57,5610.11,72.43,-0.29,-5.9228,6080,74.5
2023-04-20,2023,4,20,Thursday,6118.72,5608.42,74.39,-0.0302,2.7061,6080,74.5
2023-04-21,2023,4,21,Friday,6112.72,5602.92,74.84,-0.0981,0.6049,6080,74.5
2023-04-22,2023,4,22,Saturday,5911.72,5418.68,76.69,-3.2882,2.4719,6080,74.5
2023-04-23,2023,4,23,Sunday,6198.79,5681.81,77.73,4.8559,1.3561,6080,74.5
2023-04-24,2023,4,24,Monday,6010.67,5509.38,73.53,-3.0348,-5.4033,6080,74.5
2023-04-25,2023,4,25,Tuesday,6042.51,5538.56,76.46,0.5297,3.9848,6080,74.5
2023-04-26,2023,4,26,Wednesday,6003.31,5502.63,76.4,-0.6487,-0.0785,6080,74.5
2023-04-27,2023,4,27,Thursday,6094.66,5586.37,74.66,1.5217,-2.2775,6080,74.5
2023-04-28,2023,4,28,Friday,6206.1,5688.51,74.53,1.8285,-0.1741,6080,74.5
2023-04-29,2023,4,29,Saturday,6054.72,5549.76,73.13,-2.4392,-1.8784,6080,74.5
2023-04-30,2023,4,30,Sunday,5922.64,5428.69,72.94,-2.1814,-0.2598,6080,74.5
2023-05-01,2023,5,1,Monday,6103.57,5594.53,75.39,3.0549,3.3589,6150,76.8
2023-05-02,2023,5,2,Tuesday,6138.91,5626.92,78.33,0.579,3.8997,6150,76.8
2023-05-03,2023,5,3,Wednesday,6192.03,5675.61,74.63,0.8653,-4.7236,6150,76.8
2023-05-04,2023,5,4,Thursday,5971.99,5473.93,76.11,-3.5536,1.9831,6150,76.8
2023-05-05,2023,5,5,Friday,6158.92,5645.27,79.18,3.1301,4.0336,6150,76.8
2023-05-06,2023,5,6,Saturday,6200.22,5683.12,77.28,0.6706,-2.3996,6150,76.8
2023-05-07,2023,5,7,Sunday,6069.3,5563.12,76.74,-2.1115,-0.6988,6150,76.8
2023-05-08,2023,5,8,Monday,6231.32,5711.63,76.02,2.6695,-0.9382,6150,76.8
2023-05-09,2023,5,9,Tuesday,6099.8,5591.08,76.75,-2.1106,0.9603,6150,76.8
2023-05-10,2023,5,10,Wednesday,6204.82,5687.34,78.47,1.7217,2.241,6150,76.8
2023-05-11,2023,5,11,Thursday,6286.99,5762.66,78.39,1.3243,-0.1019,6150,76.8
2023-05-12,2023,5,12,Friday,6169.36,5654.84,77.88,-1.871,-0.6506,6150,76.8
2023-05-13,2023,5,13,Saturday,6057.11,5551.95,77.35,-1.8195,-0.6805,6150,76.8
2023-05-14,2023,5,14,Sunday,6364.42,5833.63,76.01,5.0735,-1.7324,6150,76.8
2023-05-15,2023,5,15,Monday,6190.01,5673.76,77.08,-2.7404,1.4077,6150,76.8
2023-05-16,2023,5,16,Tuesday,6140.02,5627.94,75.0,-0.8076,-2.6985,6150,76.8
2023-05-17,2023,5,17,Wednesday,6029.29,5526.45,77.73,-1.8034,3.64,6150,76.8
2023-05-18,2023,5,18,Thursday,6068.68,5562.55,76.51,0.6533,-1.5695,6150,76.8
2023-05-19,2023,5,19,Friday,6150.92,5637.93,78.54,1.3552,2.6532,6150,76.8
2023-05-20,2023,5,20,Saturday,6274.7,5751.39,77.25,2.0124,-1.6425,6150,76.8
2023-05-21,2023,5,21,Sunday,6186.72,5670.75,78.29,-1.4021,1.3463,6150,76.8
2023-05-22,2023,5,22,Monday,6142.6,5630.31,76.91,-0.7131,-1.7627,6150,76.8
2023-05-23,2023,5,23,Tuesday,6295.49,5770.45,74.41,2.489,-3.2506,6150,76.8
2023-05-24,2023,5,24,Wednesday,6191.43,5675.06,78.77,-1.6529,5.8594,6150,76.8
2023-05-25,2023,5,25,Thursday,6141.04,5628.88,76.99,-0.8139,-2.2597,6150,76.8
2023-05-26,2023,5,26,Friday,6110.51,5600.89,76.11,-0.4971,-1.143,6150,76.8
2023-05-27,2023,5,27,Saturday,6136.04,5624.29,78.19,0.4178,2.7329,6150,76.8
2023-05-28,2023,5,28,Sunday,6115.11,5605.11,76.85,-0.3411,-1.7138,6150,76.8
2023-05-29,2023,5,29,Monday,6160.1,5646.35,77.34,0.7357,0.6376,6150,76.8
2023-05-30,2023,5,30,Tuesday,6199.97,5682.89,76.32,0.6472,-1.3189,6150,76.8
2023-05-31,2023,5,31,Wednesday,6006.11,5505.2,75.45,-3.1268,-1.1399,6150,76.8
2023-06-01,2023,6,1,Thursday,6031.42,5528.4,74.63,0.4214,-1.0868,5980,72.5
2023-06-02,2023,6,2,Friday,5920.13,5426.39,73.79,-1.8452,-1.1256,5980,72.5
2023-06-03,2023,6,3,Saturday,6062.87,5557.23,73.15,2.4111,-0.8673,5980,72.5
2023-06-04,2023,6,4,Sunday,5773.88,5292.34,70.36,-4.7666,-3.8141,5980,72.5
2023-06-05,2023,6,5,Monday,6257.77,5735.87,73.63,8.3807,4.6475,5980,72.5
2023-06-06,2023,6,6,Tuesday,6024.42,5521.98,74.02,-3.729,0.5297,5980,72.5
2023-06-07,2023,6,7,Wednesday,6058.09,5552.85,71.97,0.5589,-2.7695,5980,72.5
2023-06-08,2023,6,8,Thursday,6005.55,5504.69,72.86,-0.8673,1.2366,5980,72.5
2023-06-09,2023,6,9,Friday,6000.53,5500.09,73.3,-0.0836,0.6039,5980,72.5
2023-06-10,2023,6,10,Saturday,6103.31,5594.29,74.14,1.7128,1.146,5980,72.5
2023-06-11,2023,6,11,Sunday,6032.87,5529.73,72.46,-1.1541,-2.266,5980,72.5
2023-06-12,2023,6,12,Monday,5898.51,5406.57,71.0,-2.2271,-2.0149,5980,72.5
2023-06-13,2023,6,13,Tuesday,6108.53,5599.08,73.14,3.5606,3.0141,5980,72.5
2023-06-14,2023,6,14,Wednesday,6040.1,5536.36,71.63,-1.1202,-2.0645,5980,72.5
2023-06-15,2023,6,15,Thursday,5938.51,5443.24,72.36,-1.6819,1.0191,5980,72.5
2023-06-16,2023,6,16,Friday,5941.36,5445.85,70.79,0.048,-2.1697,5980,72.5
2023-06-17,2023,6,17,Saturday,5983.65,5484.61,72.7,0.7118,2.6981,5980,72.5
2023-06-18,2023,6,18,Sunday,6037.8,5534.25,72.17,0.905,-0.729,5980,72.5
2023-06-19,2023,6,19,Monday,5975.51,5477.15,71.63,-1.0317,-0.7482,5980,72.5
2023-06-20,2023,6,20,Tuesday,6169.4,5654.87,72.29,3.2447,0.9214,5980,72.5
2023-06-21,2023,6,21,Wednesday,6060.86,5555.38,72.13,-1.7593,-0.2213,5980,72.5
2023-06-22,2023,6,22,Thursday,6118.95,5608.63,72.05,0.9584,-0.1109,5980,72.5
2023-06-23,2023,6,23,Friday,5928.84,5434.37,72.9,-3.1069,1.1797,5980,72.5
2023-06-24,2023,6,24,Saturday,5878.82,5388.53,71.92,-0.8437,-1.3443,5980,72.5
2023-06-25,2023,6,25,Sunday,5993.95,5494.05,74.18,1.9584,3.1424,5980,72.5
2023-06-26,2023,6,26,Monday,5964.53,5467.09,71.81,-0.4908,-3.1949,5980,72.5
2023-06-27,2023,6,27,Tuesday,5874.82,5384.86,73.74,-1.5041,2.6876,5980,72.5
2023-06-28,2023,6,28,Wednesday,6015.88,5514.16,72.8,2.4011,-1.2747,5980,72.5
2023-06-29,2023,6,29,Thursday,5957.28,5460.44,74.3,-0.9741,2.0604,5980,72.5
2023-06-30,2023,6,30,Friday,5891.08,5399.76,72.08,-1.1112,-2.9879,5980,72.5
2023-07-01,2023,7,1,Saturday,5854.71,5366.43,75.26,-0.6174,4.4118,5920,74.2
2023-07-02,2023,7,2,Sunday,5958.17,5461.26,75.53,1.7671,0.3588,5920,74.2
2023-07-03,2023,7,3,Monday,5981.1,5482.28,71.86,0.3848,-4.859,5920,74.2
2023-07-04,2023,7,4,Tuesday,5902.5,5410.23,72.22,-1.3141,0.501,5920,74.2
2023-07-05,2023,7,5,Wednesday,5945.09,5449.27,73.62,0.7216,1.9385,5920,74.2
2023-07-06,2023,7,6,Thursday,5912.03,5418.97,75.43,-0.5561,2.4586,5920,74.2
2023-07-07,2023,7,7,Friday,5998.38,5498.12,74.1,1.4606,-1.7632,5920,74.2
2023-07-08,2023,7,8,Saturday,5987.87,5488.48,75.01,-0.1752,1.2281,5920,74.2
2023-07-09,2023,7,9,Sunday,5965.79,5468.24,72.91,-0.3687,-2.7996,5920,74.2
2023-07-10,2023,7,10,Monday,5885.13,5394.31,74.55,-1.352,2.2493,5920,74.2
2023-07-11,2023,7,11,Tuesday,5961.6,5464.4,74.58,1.2994,0.0402,5920,74.2
2023-07-12,2023,7,12,Wednesday,6144.45,5632.0,70.68,3.0671,-5.2293,5920,74.2
2023-07-13,2023,7,13,Thursday,5877.36,5387.19,72.71,-4.3468,2.8721,5920,74.2
2023-07-14,2023,7,14,Friday,5895.89,5404.17,74.97,0.3153,3.1082,5920,74.2
2023-07-15,2023,7,15,Saturday,5923.8,5429.76,76.12,0.4734,1.5339,5920,74.2
2023-07-16,2023,7,16,Sunday,5933.52,5438.66,73.97,0.1641,-2.8245,5920,74.2
2023-07-17,2023,7,17,Monday,5864.64,5375.53,73.09,-1.1609,-1.1897,5920,74.2
2023-07-18,2023,7,18,Tuesday,5951.09,5454.77,73.65,1.4741,0.7662,5920,74.2
2023-07-19,2023,7,19,Wednesday,5965.45,5467.93,75.99,0.2413,3.1772,5920,74.2
2023-07-20,2023,7,20,Thursday,5725.5,5247.99,73.32,-4.0223,-3.5136,5920,74.2
2023-07-21,2023,7,21,Friday,5878.93,5388.63,70.61,2.6798,-3.6961,5920,74.2
2023-07-22,2023,7,22,Saturday,6031.08,5528.09,73.66,2.5881,4.3195,5920,74.2
2023-07-23,2023,7,23,Sunday,6009.25,5508.08,72.34,-0.362,-1.792,5920,74.2
2023-07-24,2023,7,24,Monday,5808.5,5324.07,75.43,-3.3407,4.2715,5920,74.2
2023-07-25,2023,7,25,Tuesday,5994.52,5494.58,73.02,3.2025,-3.195,5920,74.2
2023-07-26,2023,7,26,Wednesday,5939.68,5444.31,72.86,-0.9148,-0.2191,5920,74.2
2023-07-27,2023,7,27,Thursday,5924.15,5430.08,72.46,-0.2615,-0.549,5920,74.2
2023-07-28,2023,7,28,Friday,6091.38,5583.36,72.62,2.8229,0.2208,5920,74.2
2023-07-29,2023,7,29,Saturday,5805.73,5321.53,72.23,-4.6894,-0.537,5920,74.2
2023-07-30,2023,7,30,Sunday,6070.57,5564.28,75.66,4.5617,4.7487,5920,74.2
2023-07-31,2023,7,31,Monday,5873.09,5383.27,75.29,-3.2531,-0.489,5920,74.2
2023-08-01,2023,8,1,Tuesday,5890.69,5399.41,71.95,0.2997,-4.4362,5950,73.8
2023-08-02,2023,8,2,Wednesday,5948.8,5452.67,70.31,0.9865,-2.2794,5950,73.8
2023-08-03,2023,8,3,Thursday,6105.07,5595.91,72.7,2.6269,3.3992,5950,73.8
2023-08-04,2023,8,4,Friday,5917.61,5424.08,71.61,-3.0706,-1.4993,5950,73.8
2023-08-05,2023,8,5,Saturday,6115.98,5605.91,71.62,3.3522,0.014,5950,73.8
2023-08-06,2023,8,6,Sunday,5774.37,5292.79,75.99,-5.5855,6.1016,5950,73.8
2023-08-07,2023,8,7,Monday,5835.36,5348.69,75.98,1.0562,-0.0132,5950,73.8
2023-08-08,2023,8,8,Tuesday,6007.63,5506.59,77.08,2.9522,1.4477,5950,73.8
2023-08-09,2023,8,9,Wednesday,5946.05,5450.15,73.65,-1.025,-4.4499,5950,73.8
2023-08-10,2023,8,10,Thursday,5892.9,5401.43,76.05,-0.8939,3.2587,5950,73.8
2023-08-11,2023,8,11,Friday,6016.13,5514.38,74.32,2.0912,-2.2748,5950,73.8
2023-08-12,2023,8,12,Saturday,5960.33,5463.24,74.61,-0.9275,0.3902,5950,73.8
2023-08-13,2023,8,13,Sunday,5831.33,5345.0,75.21,-2.1643,0.8042,5950,73.8
2023-08-14,2023,8,14,Monday,6016.47,5514.7,73.78,3.1749,-1.9013,5950,73.8
2023-08-15,2023,8,15,Tuesday,5885.44,5394.59,74.97,-2.1779,1.6129,5950,73.8
2023-08-16,2023,8,16,Wednesday,5961.22,5464.05,73.64,1.2876,-1.774,5950,73.8
2023-08-17,2023,8,17,Thursday,5918.03,5424.47,74.67,-0.7245,1.3987,5950,73.8
2023-08-18,2023,8,18,Friday,5895.64,5403.94,73.46,-0.3783,-1.6205,5950,73.8
2023-08-19,2023,8,19,Saturday,6032.67,5529.55,74.0,2.3243,0.7351,5950,73.8
2023-08-20,2023,8,20,Sunday,5974.83,5476.53,73.67,-0.9588,-0.4459,5950,73.8
2023-08-21,2023,8,21,Monday,5998.25,5498.0,72.54,0.392,-1.5339,5950,73.8
2023-08-22,2023,8,22,Tuesday,5780.04,5297.98,74.18,-3.6379,2.2608,5950,73.8
2023-08-23,2023,8,23,Wednesday,6065.3,5559.45,73.77,4.9353,-0.5527,5950,73.8
2023-08-24,2023,8,24,Thursday,5877.87,5387.66,77.22,-3.0902,4.6767,5950,73.8
2023-08-25,2023,8,25,Friday,5819.48,5334.14,73.22,-0.9934,-5.18,5950,73.8
2023-08-26,2023,8,26,Saturday,5873.97,5384.08,72.94,0.9363,-0.3824,5950,73.8
2023-08-27,2023,8,27,Sunday,5997.69,5497.48,76.54,2.1062,4.9356,5950,73.8
2023-08-28,2023,8,28,Monday,6107.16,5597.82,73.32,1.8252,-4.207,5950,73.8
2023-08-29,2023,8,29,Tuesday,5869.81,5380.27,74.88,-3.8864,2.1277,5950,73.8
2023-08-30,2023,8,30,Wednesday,5805.06,5320.92,74.26,-1.1031,-0.828,5950,73.8
2023-08-31,2023,8,31,Thursday,5918.81,5425.18,75.06,1.9595,1.0773,5950,73.8
2023-09-01,2023,9,1,Friday,5912.26,5419.18,72.88,-0.1107,-2.9043,5880,72.5
2023-09-02,2023,9,2,Saturday,6048.45,5544.01,72.93,2.3035,0.0686,5880,72.5
2023-09-03,2023,9,3,Sunday,5972.04,5473.97,73.32,-1.2633,0.5348,5880,72.5
2023-09-04,2023,9,4,Monday,5817.43,5332.26,69.77,-2.5889,-4.8418,5880,72.5
2023-09-05,2023,9,5,Tuesday,5848.39,5360.63,72.1,0.5322,3.3395,5880,72.5
2023-09-06,2023,9,6,Wednesday,5906.63,5414.02,75.69,0.9958,4.9792,5880,72.5
2023-09-07,2023,9,7,Thursday,5809.14,5324.66,74.26,-1.6505,-1.8893,5880,72.5
2023-09-08,2023,9,8,Friday,5931.08,5436.43,71.97,2.0991,-3.0838,5880,72.5
2023-09-09,2023,9,9,Saturday,5828.41,5342.32,71.71,-1.7311,-0.3613,5880,72.5
2023-09-10,2023,9,10,Sunday,5872.92,5383.12,72.82,0.7637,1.5479,5880,72.5
2023-09-11,2023,9,11,Monday,5849.65,5361.79,74.38,-0.3962,2.1423,5880,72.5
2023-09-12,2023,9,12,Tuesday,5907.55,5414.86,73.97,0.9898,-0.5512,5880,72.5
2023-09-13,2023,9,13,Wednesday,5828.22,5342.15,71.0,-1.3429,-4.0151,5880,72.5
2023-09-14,2023,9,14,Thursday,5824.47,5338.71,70.28,-0.0643,-1.0141,5880,72.5
2023-09-15,2023,9,15,Friday,5935.94,5440.88,72.58,1.9138,3.2726,5880,72.5
2023-09-16,2023,9,16,Saturday,5812.19,5327.45,74.68,-2.0848,2.8934,5880,72.5
2023-09-17,2023,9,17,Sunday,5836.74,5349.96,72.36,0.4224,-3.1066,5880,72.5
2023-09-18,2023,9,18,Monday,5878.71,5388.43,73.13,0.7191,1.0641,5880,72.5
2023-09-19,2023,9,19,Tuesday,5927.71,5433.34,72.31,0.8335,-1.1213,5880,72.5
2023-09-20,2023,9,20,Wednesday,5869.64,5380.11,75.38,-0.9796,4.2456,5880,72.5
2023-09-21,2023,9,21,Thursday,5976.52,5478.08,71.01,1.8209,-5.7973,5880,72.5
2023-09-22,2023,9,22,Friday,5892.76,5401.3,71.71,-1.4015,0.9858,5880,72.5
2023-09-23,2023,9,23,Saturday,5952.25,5455.83,68.73,1.0095,-4.1556,5880,72.5
2023-09-24,2023,9,24,Sunday,5822.91,5337.28,71.35,-2.173,3.812,5880,72.5
2023-09-25,2023,9,25,Monday,5982.72,5483.76,70.95,2.7445,-0.5606,5880,72.5
2023-09-26,2023,9,26,Tuesday,5922.55,5428.61,74.47,-1.0057,4.9612,5880,72.5
2023-09-27,2023,9,27,Wednesday,5811.02,5326.38,75.49,-1.8831,1.3697,5880,72.5
2023-09-28,2023,9,28,Thursday,5827.13,5341.15,73.85,0.2772,-2.1725,5880,72.5
2023-09-29,2023,9,29,Friday,5831.6,5345.24,72.11,0.0767,-2.3561,5880,72.5
2023-09-30,2023,9,30,Saturday,5894.52,5402.92,73.61,1.0789,2.0802,5880,72.5
2023-10-01,2023,10,1,Sunday,6095.55,5587.18,77.2,3.4105,4.8771,6050,74.8
2023-10-02,2023,10,2,Monday,6085.47,5577.94,78.73,-0.1654,1.9819,6050,74.8
2023-10-03,2023,10,3,Tuesday,5983.63,5484.6,75.5,-1.6735,-4.1026,6050,74.8
2023-10-04,2023,10,4,Wednesday,6006.57,5505.62,75.66,0.3834,0.2119,6050,74.8
2023-10-05,2023,10,5,Thursday,6122.91,5612.26,73.21,1.9369,-3.2382,6050,74.8
2023-10-06,2023,10,6,Friday,6069.14,5562.97,77.31,-0.8782,5.6003,6050,74.8
2023-10-07,2023,10,7,Saturday,6175.39,5660.36,75.66,1.7507,-2.1343,6050,74.8
2023-10-08,2023,10,8,Sunday,6011.93,5510.54,75.0,-2.647,-0.8723,6050,74.8
2023-10-09,2023,10,9,Monday,6023.43,5521.08,74.58,0.1913,-0.56,6050,74.8
2023-10-10,2023,10,10,Tuesday,5952.49,5456.05,74.85,-1.1777,0.362,6050,74.8
2023-10-11,2023,10,11,Wednesday,6036.83,5533.36,74.36,1.4169,-0.6546,6050,74.8
2023-10-12,2023,10,12,Thursday,5959.41,5462.4,75.24,-1.2825,1.1834,6050,74.8
2023-10-13,2023,10,13,Friday,6023.62,5521.25,70.47,1.0775,-6.3397,6050,74.8
2023-10-14,2023,10,14,Saturday,6079.05,5572.06,73.66,0.9202,4.5267,6050,74.8
2023-10-15,2023,10,15,Sunday,6159.39,5645.7,74.68,1.3216,1.3847,6050,74.8
2023-10-16,2023,10,16,Monday,6056.62,5551.5,73.14,-1.6685,-2.0621,6050,74.8
2023-10-17,2023,10,17,Tuesday,6028.91,5526.1,75.03,-0.4575,2.5841,6050,74.8
2023-10-18,2023,10,18,Wednesday,6020.13,5518.05,74.11,-0.1456,-1.2262,6050,74.8
2023-10-19,2023,10,19,Thursday,6172.74,5657.93,74.67,2.535,0.7556,6050,74.8
2023-10-20,2023,10,20,Friday,6097.37,5588.85,74.0,-1.221,-0.8973,6050,74.8
2023-10-21,2023,10,21,Saturday,6113.79,5603.9,73.77,0.2693,-0.3108,6050,74.8
2023-10-22,2023,10,22,Sunday,5819.23,5333.91,76.5,-4.818,3.7007,6050,74.8
2023-10-23,2023,10,23,Monday,5947.4,5451.39,73.88,2.2025,-3.4248,6050,74.8
2023-10-24,2023,10,24,Tuesday,6002.13,5501.55,74.4,0.9202,0.7038,6050,74.8
2023-10-25,2023,10,25,Wednesday,5849.8,5361.93,74.16,-2.5379,-0.3226,6050,74.8
2023-10-26,2023,10,26,Thursday,6241.39,5720.86,74.21,6.6941,0.0674,6050,74.8
2023-10-27,2023,10,27,Friday,5866.5,5377.23,77.57,-6.0065,4.5277,6050,74.8
2023-10-28,2023,10,28,Saturday,5997.14,5496.98,73.76,2.2269,-4.9117,6050,74.8
2023-10-29,2023,10,29,Sunday,6100.75,5591.95,74.02,1.7277,0.3525,6050,74.8
2023-10-30,2023,10,30,Monday,6026.77,5524.14,75.03,-1.2126,1.3645,6050,74.8
2023-10-31,2023,10,31,Tuesday,5999.63,5499.26,74.63,-0.4503,-0.5331,6050,74.8
2023-11-01,2023,11,1,Wednesday,6176.66,5661.53,75.35,2.9507,0.9648,6220,76.5
2023-11-02,2023,11,2,Thursday,6094.63,5586.34,76.8,-1.3281,1.9244,6220,76.5
2023-11-03,2023,11,3,Friday,6300.73,5775.25,76.11,3.3817,-0.8984,6220,76.5
2023-11-04,2023,11,4,Saturday,6371.78,5840.37,77.19,1.1276,1.419,6220,76.5
2023-11-05,2023,11,5,Sunday,6288.9,5764.41,78.1,-1.3007,1.1789,6220,76.5
2023-11-06,2023,11,6,Monday,6290.04,5765.45,77.39,0.0181,-0.9091,6220,76.5
2023-11-07,2023,11,7,Tuesday,6281.52,5757.64,78.55,-0.1355,1.4989,6220,76.5
2023-11-08,2023,11,8,Wednesday,6255.25,5733.56,74.02,-0.4182,-5.767,6220,76.5
2023-11-09,2023,11,9,Thursday,6283.8,5759.73,77.21,0.4564,4.3096,6220,76.5
2023-11-10,2023,11,10,Friday,6139.92,5627.85,75.52,-2.2897,-2.1888,6220,76.5
2023-11-11,2023,11,11,Saturday,6220.25,5701.48,76.86,1.3083,1.7744,6220,76.5
2023-11-12,2023,11,12,Sunday,6297.59,5772.37,77.28,1.2434,0.5464,6220,76.5
2023-11-13,2023,11,13,Monday,6317.56,5790.68,74.91,0.3171,-3.0668,6220,76.5
2023-11-14,2023,11,14,Tuesday,6248.19,5727.09,76.12,-1.0981,1.6153,6220,76.5
2023-11-15,2023,11,15,Wednesday,6315.44,5788.73,75.86,1.0763,-0.3416,6220,76.5
2023-11-16,2023,11,16,Thursday,6197.17,5680.33,76.77,-1.8727,1.1996,6220,76.5
2023-11-17,2023,11,17,Friday,6343.19,5814.17,74.14,2.3562,-3.4258,6220,76.5
2023-11-18,2023,11,18,Saturday,6173.0,5658.17,75.03,-2.683,1.2004,6220,76.5
2023-11-19,2023,11,19,Sunday,6240.14,5719.71,77.54,1.0876,3.3453,6220,76.5
2023-11-20,2023,11,20,Monday,6264.74,5742.26,76.19,0.3942,-1.741,6220,76.5
2023-11-21,2023,11,21,Tuesday,6047.31,5542.96,76.4,-3.4707,0.2756,6220,76.5
2023-11-22,2023,11,22,Wednesday,6109.52,5599.99,76.52,1.0287,0.1571,6220,76.5
2023-11-23,2023,11,23,Thursday,6254.68,5733.04,77.59,2.376,1.3983,6220,76.5
2023-11-24,2023,11,24,Friday,6267.06,5744.39,76.16,0.1979,-1.843,6220,76.5
2023-11-25,2023,11,25,Saturday,6221.17,5702.32,76.8,-0.7322,0.8403,6220,76.5
2023-11-26,2023,11,26,Sunday,6281.53,5757.65,75.89,0.9702,-1.1849,6220,76.5
2023-11-27,2023,11,27,Monday,6261.87,5739.63,76.53,-0.313,0.8433,6220,76.5
2023-11-28,2023,11,28,Tuesday,6158.65,5645.02,79.04,-1.6484,3.2798,6220,76.5
2023-11-29,2023,11,29,Wednesday,6268.76,5745.95,77.43,1.7879,-2.0369,6220,76.5
2023-11-30,2023,11,30,Thursday,6089.01,5581.19,76.85,-2.8674,-0.7491,6220,76.5
2023-12-01,2023,12,1,Friday,6429.39,5893.18,79.85,5.5901,3.9037,6350,78.2
2023-12-02,2023,12,2,Saturday,6360.72,5830.24,76.2,-1.0681,-4.5711,6350,78.2
2023-12-03,2023,12,3,Sunday,6336.04,5807.61,78.41,-0.388,2.9003,6350,78.2
2023-12-04,2023,12,4,Monday,6192.16,5675.73,78.52,-2.2708,0.1403,6350,78.2
2023-12-05,2023,12,5,Tuesday,6462.25,5923.3,75.62,4.3618,-3.6933,6350,78.2
2023-12-06,2023,12,6,Wednesday,6402.84,5868.84,80.27,-0.9193,6.1492,6350,78.2
2023-12-07,2023,12,7,Thursday,6310.42,5784.13,79.61,-1.4434,-0.8222,6350,78.2
2023-12-08,2023,12,8,Friday,6450.71,5912.72,76.77,2.2231,-3.5674,6350,78.2
2023-12-09,2023,12,9,Saturday,6355.94,5825.85,75.92,-1.4691,-1.1072,6350,78.2
2023-12-10,2023,12,10,Sunday,6355.06,5825.05,76.5,-0.0138,0.764,6350,78.2
2023-12-11,2023,12,11,Monday,6375.51,5843.79,75.78,0.3218,-0.9412,6350,78.2
2023-12-12,2023,12,12,Tuesday,6257.67,5735.78,78.88,-1.8483,4.0908,6350,78.2
2023-12-13,2023,12,13,Wednesday,6354.91,5824.91,76.54,1.5539,-2.9665,6350,78.2
2023-12-14,2023,12,14,Thursday,6295.86,5770.79,75.47,-0.9292,-1.398,6350,78.2
2023-12-15,2023,12,15,Friday,6520.37,5976.57,77.56,3.566,2.7693,6350,78.2
2023-12-16,2023,12,16,Saturday,6370.29,5839.01,77.66,-2.3017,0.1289,6350,78.2
2023-12-17,2023,12,17,Sunday,6286.77,5762.45,77.42,-1.3111,-0.309,6350,78.2
2023-12-18,2023,12,18,Monday,6449.31,5911.44,80.27,2.5854,3.6812,6350,78.2
2023-12-19,2023,12,19,Tuesday,6466.54,5927.23,80.49,0.2672,0.2741,6350,78.2
2023-12-20,2023,12,20,Wednesday,6220.73,5701.92,77.36,-3.8013,-3.8887,6350,78.2
2023-12-21,2023,12,21,Thursday,6430.15,5893.88,80.4,3.3665,3.9297,6350,78.2
2023-12-22,2023,12,22,Friday,6353.13,5823.28,78.18,-1.1978,-2.7612,6350,78.2
2023-12-23,2023,12,23,Saturday,6196.78,5679.97,79.12,-2.461,1.2024,6350,78.2
2023-12-24,2023,12,24,Sunday,6241.45,5720.91,78.09,0.7209,-1.3018,6350,78.2
2023-12-25,2023,12,25,Monday,6304.25,5778.48,77.25,1.0062,-1.0757,6350,78.2
2023-12-26,2023,12,26,Tuesday,6416.37,5881.24,78.92,1.7785,2.1618,6350,78.2
2023-12-27,2023,12,27,Wednesday,6477.44,5937.22,77.11,0.9518,-2.2935,6350,78.2
2023-12-28,2023,12,28,Thursday,6231.87,5712.13,78.66,-3.7912,2.0101,6350,78.2
2023-12-29,2023,12,29,Friday,6267.0,5744.33,77.91,0.5637,-0.9535,6350,78.2
2023-12-30,2023,12,30,Saturday,6211.96,5693.88,77.95,-0.8783,0.0513,6350,78.2
2023-12-31,2023,12,31,Sunday,6499.25,5957.21,75.7,4.6248,-2.8865,6350,78.2
2024-01-01,2024,1,1,Monday,6301.84,5776.27,71.61,-3.0374,-5.4029,6320,72.5
2024-01-02,2024,1,2,Tuesday,6313.94,5787.36,73.4,0.192,2.4997,6320,72.5
2024-01-03,2024,1,3,Wednesday,6262.34,5740.06,71.6,-0.8172,-2.4523,6320,72.5
2024-01-04,2024,1,4,Thursday,6265.88,5743.31,73.06,0.0565,2.0391,6320,72.5
2024-01-05,2024,1,5,Friday,6245.52,5724.64,73.92,-0.3249,1.1771,6320,72.5
2024-01-06,2024,1,6,Saturday,6283.2,5759.18,73.97,0.6033,0.0676,6320,72.5
2024-01-07,2024,1,7,Sunday,6288.19,5763.75,74.33,0.0794,0.4867,6320,72.5
2024-01-08,2024,1,8,Monday,6317.4,5790.53,71.75,0.4645,-3.471,6320,72.5
2024-01-09,2024,1,9,Tuesday,6321.39,5794.19,71.34,0.0632,-0.5714,6320,72.5
2024-01-10,2024,1,10,Wednesday,6310.65,5784.34,71.75,-0.1699,0.5747,6320,72.5
2024-01-11,2024,1,11,Thursday,6311.44,5785.07,73.1,0.0125,1.8815,6320,72.5
2024-01-12,2024,1,12,Friday,6366.83,5835.84,69.89,0.8776,-4.3912,6320,72.5
2024-01-13,2024,1,13,Saturday,6452.76,5914.6,72.75,1.3497,4.0921,6320,72.5
2024-01-14,2024,1,14,Sunday,6328.59,5800.79,71.62,-1.9243,-1.5533,6320,72.5
2024-01-15,2024,1,15,Monday,6348.54,5819.07,71.41,0.3152,-0.2932,6320,72.5
2024-01-16,2024,1,16,Tuesday,6250.32,5729.04,75.57,-1.5471,5.8255,6320,72.5
2024-01-17,2024,1,17,Wednesday,6327.49,5799.78,72.74,1.2347,-3.7449,6320,72.5
2024-01-18,2024,1,18,Thursday,6376.69,5844.87,72.12,0.7776,-0.8524,6320,72.5
2024-01-19,2024,1,19,Friday,6330.85,5802.86,74.48,-0.7189,3.2723,6320,72.5
2024-01-20,2024,1,20,Saturday,6233.67,5713.78,72.14,-1.535,-3.1418,6320,72.5
2024-01-21,2024,1,21,Sunday,6423.16,5887.47,71.49,3.0398,-0.901,6320,72.5
2024-01-22,2024,1,22,Monday,6257.25,5735.4,74.55,-2.583,4.2803,6320,72.5
2024-01-23,2024,1,23,Tuesday,6345.49,5816.28,72.72,1.4102,-2.4547,6320,72.5
2024-01-24,2024,1,24,Wednesday,6211.32,5693.3,74.73,-2.1144,2.764,6320,72.5
2024-01-25,2024,1,25,Thursday,6476.37,5936.24,71.88,4.2672,-3.8137,6320,72.5
2024-01-26,2024,1,26,Friday,6399.17,5865.48,75.09,-1.192,4.4658,6320,72.5
2024-01-27,2024,1,27,Saturday,6318.91,5791.91,70.47,-1.2542,-6.1526,6320,72.5
2024-01-28,2024,1,28,Sunday,6229.86,5710.29,73.22,-1.4093,3.9024,6320,72.5
2024-01-29,2024,1,29,Monday,6303.8,5778.06,72.14,1.1869,-1.475,6320,72.5
2024-01-30,2024,1,30,Tuesday,6360.6,5830.13,69.58,0.901,-3.5487,6320,72.5
2024-01-31,2024,1,31,Wednesday,6230.98,5711.32,73.33,-2.0379,5.3895,6320,72.5
2024-02-01,2024,2,1,Thursday,6396.44,5862.98,75.64,2.6554,3.1501,6280,74.2
2024-02-02,2024,2,2,Friday,6303.41,5777.71,72.86,-1.4544,-3.6753,6280,74.2
2024-02-03,2024,2,3,Saturday,6366.7,5835.72,74.57,1.0041,2.347,6280,74.2
2024-02-04,2024,2,4,Sunday,6318.18,5791.24,75.72,-0.7621,1.5422,6280,74.2
2024-02-05,2024,2,5,Monday,6245.01,5724.18,73.11,-1.1581,-3.4469,6280,74.2
2024-02-06,2024,2,6,Tuesday,6385.22,5852.69,72.41,2.2452,-0.9575,6280,74.2
2024-02-07,2024,2,7,Wednesday,6176.51,5661.39,73.79,-3.2686,1.9058,6280,74.2
2024-02-08,2024,2,8,Thursday,6076.43,5569.66,74.76,-1.6203,1.3145,6280,74.2
2024-02-09,2024,2,9,Friday,6294.77,5769.79,72.75,3.5932,-2.6886,6280,74.2
2024-02-10,2024,2,10,Saturday,6205.91,5688.34,73.96,-1.4116,1.6632,6280,74.2
2024-02-11,2024,2,11,Sunday,6336.02,5807.6,77.72,2.0965,5.0838,6280,74.2
2024-02-12,2024,2,12,Monday,6134.63,5623.0,76.12,-3.1785,-2.0587,6280,74.2
2024-02-13,2024,2,13,Tuesday,6336.74,5808.26,73.87,3.2946,-2.9559,6280,74.2
2024-02-14,2024,2,14,Wednesday,6359.4,5829.03,74.87,0.3576,1.3537,6280,74.2
2024-02-15,2024,2,15,Thursday,6063.31,5557.63,76.02,-4.6559,1.536,6280,74.2
2024-02-16,2024,2,16,Friday,6235.12,5715.11,73.34,2.8336,-3.5254,6280,74.2
2024-02-17,2024,2,17,Saturday,6321.02,5793.85,73.09,1.3777,-0.3409,6280,74.2
2024-02-18,2024,2,18,Sunday,6405.04,5870.86,75.25,1.3292,2.9553,6280,74.2
2024-02-19,2024,2,19,Monday,6304.61,5778.81,73.29,-1.568,-2.6047,6280,74.2
2024-02-20,2024,2,20,Tuesday,6263.21,5740.86,73.75,-0.6567,0.6276,6280,74.2
2024-02-21,2024,2,21,Wednesday,6384.41,5851.95,73.9,1.9351,0.2034,6280,74.2
2024-02-22,2024,2,22,Thursday,6415.11,5880.09,72.8,0.4809,-1.4885,6280,74.2
2024-02-23,2024,2,23,Friday,6163.62,5649.57,73.72,-3.9203,1.2637,6280,74.2
2024-02-24,2024,2,24,Saturday,6150.21,5637.28,72.76,-0.2176,-1.3022,6280,74.2
2024-02-25,2024,2,25,Sunday,6305.01,5779.17,75.04,2.517,3.1336,6280,74.2
2024-02-26,2024,2,26,Monday,6192.01,5675.6,74.36,-1.7922,-0.9062,6280,74.2
2024-02-27,2024,2,27,Tuesday,6422.7,5887.05,74.07,3.7256,-0.39,6280,74.2
2024-02-28,2024,2,28,Wednesday,6354.88,5824.88,75.27,-1.0559,1.6201,6280,74.2
2024-02-29,2024,2,29,Thursday,6194.37,5677.76,76.66,-2.5258,1.8467,6280,74.2
2024-03-01,2024,3,1,Friday,6688.32,6130.51,77.39,7.9742,0.9523,6650,78.5
2024-03-02,2024,3,2,Saturday,6805.25,6237.69,78.8,1.7483,1.8219,6650,78.5
2024-03-03,2024,3,3,Sunday,6552.64,6006.15,78.37,-3.712,-0.5457,6650,78.5
2024-03-04,2024,3,4,Monday,6767.55,6203.14,77.35,3.2797,-1.3015,6650,78.5
2024-03-05,2024,3,5,Tuesday,6635.15,6081.78,77.59,-1.9564,0.3103,6650,78.5
2024-03-06,2024,3,6,Wednesday,6535.55,5990.49,78.0,-1.5011,0.5284,6650,78.5
2024-03-07,2024,3,7,Thursday,6573.57,6025.33,77.89,0.5817,-0.141,6650,78.5
2024-03-08,2024,3,8,Friday,6659.27,6103.89,80.18,1.3037,2.94,6650,78.5
2024-03-09,2024,3,9,Saturday,6540.88,5995.37,79.77,-1.7778,-0.5113,6650,78.5
2024-03-10,2024,3,10,Sunday,6848.92,6277.72,79.15,4.7095,-0.7772,6650,78.5
2024-03-11,2024,3,11,Monday,6682.52,6125.2,77.87,-2.4296,-1.6172,6650,78.5
2024-03-12,2024,3,12,Tuesday,6445.2,5907.67,75.62,-3.5514,-2.8894,6650,78.5
2024-03-13,2024,3,13,Wednesday,6787.72,6221.62,77.18,5.3143,2.0629,6650,78.5
2024-03-14,2024,3,14,Thursday,6718.61,6158.28,76.02,-1.0182,-1.503,6650,78.5
2024-03-15,2024,3,15,Friday,6751.25,6188.2,80.77,0.4858,6.2484,6650,78.5
2024-03-16,2024,3,16,Saturday,6558.52,6011.54,76.72,-2.8547,-5.0142,6650,78.5
2024-03-17,2024,3,17,Sunday,6970.65,6389.3,79.94,6.2839,4.1971,6650,78.5
2024-03-18,2024,3,18,Monday,6568.91,6021.06,80.33,-5.7633,0.4879,6650,78.5
2024-03-19,2024,3,19,Tuesday,6336.52,5808.05,77.28,-3.5377,-3.7968,6650,78.5
2024-03-20,2024,3,20,Wednesday,6563.33,6015.95,76.88,3.5794,-0.5176,6650,78.5
2024-03-21,2024,3,21,Thursday,6702.64,6143.64,77.18,2.1226,0.3902,6650,78.5
2024-03-22,2024,3,22,Friday,6590.4,6040.76,76.78,-1.6746,-0.5183,6650,78.5
2024-03-23,2024,3,23,Saturday,6639.27,6085.55,80.03,0.7415,4.2329,6650,78.5
2024-03-24,2024,3,24,Sunday,6493.41,5951.86,83.05,-2.1969,3.7736,6650,78.5
2024-03-25,2024,3,25,Monday,6795.16,6228.44,78.37,4.647,-5.6352,6650,78.5
2024-03-26,2024,3,26,Tuesday,6619.57,6067.5,77.36,-2.584,-1.2888,6650,78.5
2024-03-27,2024,3,27,Wednesday,6432.63,5896.15,78.19,-2.8241,1.0729,6650,78.5
2024-03-28,2024,3,28,Thursday,6617.73,6065.81,79.51,2.8775,1.6882,6650,78.5
2024-03-29,2024,3,29,Friday,6795.42,6228.68,79.35,2.6851,-0.2012,6650,78.5
2024-03-30,2024,3,30,Saturday,6588.61,6039.12,76.36,-3.0434,-3.7681,6650,78.5
2024-03-31,2024,3,31,Sunday,6647.19,6092.81,77.28,0.8891,1.2048,6650,78.5
2024-04-01,2024,4,1,Monday,7309.31,6699.71,82.63,9.9609,6.9229,7250,82.8
2024-04-02,2024,4,2,Tuesday,7216.48,6614.63,83.54,-1.27,1.1013,7250,82.8
2024-04-03,2024,4,3,Wednesday,7237.93,6634.29,82.36,0.2972,-1.4125,7250,82.8
2024-04-04,2024,4,4,Thursday,7338.07,6726.07,80.91,1.3835,-1.7606,7250,82.8
2024-04-05,2024,4,5,Friday,7382.85,6767.12,84.04,0.6102,3.8685,7250,82.8
2024-04-06,2024,4,6,Saturday,7126.45,6532.1,83.92,-3.4729,-0.1428,7250,82.8
2024-04-07,2024,4,7,Sunday,7344.42,6731.9,82.71,3.0586,-1.4418,7250,82.8
2024-04-08,2024,4,8,Monday,7308.51,6698.98,81.31,-0.4889,-1.6927,7250,82.8
2024-04-09,2024,4,9,Tuesday,7475.68,6852.21,82.42,2.2873,1.3651,7250,82.8
2024-04-10,2024,4,10,Wednesday,7383.84,6768.03,85.43,-1.2285,3.652,7250,82.8
2024-04-11,2024,4,11,Thursday,7070.76,6481.06,80.97,-4.2401,-5.2206,7250,82.8
2024-04-12,2024,4,12,Friday,7327.44,6716.33,82.8,3.6302,2.2601,7250,82.8
2024-04-13,2024,4,13,Saturday,7183.26,6584.18,83.45,-1.9677,0.785,7250,82.8
2024-04-14,2024,4,14,Sunday,7359.23,6745.47,83.35,2.4497,-0.1198,7250,82.8
2024-04-15,2024,4,15,Monday,7052.64,6464.45,82.38,-4.1661,-1.1638,7250,82.8
2024-04-16,2024,4,16,Tuesday,7197.25,6597.0,84.09,2.0504,2.0757,7250,82.8
2024-04-17,2024,4,17,Wednesday,7220.93,6618.7,84.39,0.329,0.3568,7250,82.8
2024-04-18,2024,4,18,Thursday,7257.24,6651.99,83.17,0.5028,-1.4457,7250,82.8
2024-04-19,2024,4,19,Friday,7350.41,6737.39,80.86,1.2838,-2.7774,7250,82.8
2024-04-20,2024,4,20,Saturday,7292.42,6684.23,82.28,-0.7889,1.7561,7250,82.8
2024-04-21,2024,4,21,Sunday,7353.01,6739.77,84.7,0.8309,2.9412,7250,82.8
2024-04-22,2024,4,22,Monday,7337.88,6725.9,84.88,-0.2058,0.2125,7250,82.8
2024-04-23,2024,4,23,Tuesday,7226.03,6623.38,84.45,-1.5243,-0.5066,7250,82.8
2024-04-24,2024,4,24,Wednesday,7150.74,6554.37,83.98,-1.0419,-0.5565,7250,82.8
2024-04-25,2024,4,25,Thursday,7088.96,6497.74,83.14,-0.864,-1.0002,7250,82.8
2024-04-26,2024,4,26,Friday,6952.36,6372.53,83.15,-1.9269,0.012,7250,82.8
2024-04-27,2024,4,27,Saturday,7259.48,6654.04,80.4,4.4175,-3.3073,7250,82.8
2024-04-28,2024,4,28,Sunday,7291.69,6683.56,85.56,0.4437,6.4179,7250,82.8
2024-04-29,2024,4,29,Monday,7248.22,6643.72,84.17,-0.5962,-1.6246,7250,82.8
2024-04-30,2024,4,30,Tuesday,7338.02,6726.03,85.53,1.2389,1.6158,7250,82.8
2024-05-01,2024,5,1,Wednesday,7468.1,6845.26,93.55,1.7727,9.3768,7420,92.5
2024-05-02,2024,5,2,Thursday,7332.65,6721.11,90.67,-1.8137,-3.0786,7420,92.5
2024-05-03,2024,5,3,Friday,7523.97,6896.47,91.0,2.6092,0.364,7420,92.5
2024-05-04,2024,5,4,Saturday,7387.76,6771.62,92.19,-1.8103,1.3077,7420,92.5
2024-05-05,2024,5,5,Sunday,7423.77,6804.63,90.77,0.4874,-1.5403,7420,92.5
2024-05-06,2024,5,6,Monday,7462.93,6840.52,95.9,0.5275,5.6516,7420,92.5
2024-05-07,2024,5,7,Tuesday,7545.47,6916.18,93.9,1.106,-2.0855,7420,92.5
2024-05-08,2024,5,8,Wednesday,7543.88,6914.72,93.17,-0.0211,-0.7774,7420,92.5
2024-05-09,2024,5,9,Thursday,7227.52,6624.74,93.89,-4.1936,0.7728,7420,92.5
2024-05-10,2024,5,10,Friday,7535.96,6907.46,91.0,4.2676,-3.0781,7420,92.5
2024-05-11,2024,5,11,Saturday,7637.3,7000.35,91.47,1.3448,0.5165,7420,92.5
2024-05-12,2024,5,12,Sunday,7506.01,6880.01,91.79,-1.7191,0.3498,7420,92.5
2024-05-13,2024,5,13,Monday,7376.94,6761.7,92.91,-1.7196,1.2202,7420,92.5
2024-05-14,2024,5,14,Tuesday,7388.28,6772.1,89.46,0.1537,-3.7133,7420,92.5
2024-05-15,2024,5,15,Wednesday,7332.68,6721.13,89.19,-0.7525,-0.3018,7420,92.5
2024-05-16,2024,5,16,Thursday,7473.35,6850.07,92.75,1.9184,3.9915,7420,92.5
2024-05-17,2024,5,17,Friday,7377.52,6762.23,93.73,-1.2823,1.0566,7420,92.5
2024-05-18,2024,5,18,Saturday,7185.67,6586.39,89.31,-2.6005,-4.7157,7420,92.5
2024-05-19,2024,5,19,Sunday,7242.36,6638.35,93.84,0.7889,5.0722,7420,92.5
2024-05-20,2024,5,20,Monday,7213.67,6612.05,94.65,-0.3961,0.8632,7420,92.5
2024-05-21,2024,5,21,Tuesday,7562.17,6931.49,95.55,4.8311,0.9509,7420,92.5
2024-05-22,2024,5,22,Wednesday,7425.52,6806.23,92.09,-1.807,-3.6211,7420,92.5
2024-05-23,2024,5,23,Thursday,7442.76,6822.03,95.26,0.2322,3.4423,7420,92.5
2024-05-24,2024,5,24,Friday,7354.04,6740.71,93.2,-1.192,-2.1625,7420,92.5
2024-05-25,2024,5,25,Saturday,7312.47,6702.61,87.14,-0.5653,-6.5021,7420,92.5
2024-05-26,2024,5,26,Sunday,7354.57,6741.2,91.15,0.5757,4.6018,7420,92.5
2024-05-27,2024,5,27,Monday,7305.08,6695.84,90.82,-0.6729,-0.362,7420,92.5
2024-05-28,2024,5,28,Tuesday,7539.07,6910.31,91.29,3.2031,0.5175,7420,92.5
2024-05-29,2024,5,29,Wednesday,7373.01,6758.1,90.92,-2.2027,-0.4053,7420,92.5
2024-05-30,2024,5,30,Thursday,7402.36,6785.0,93.22,0.3981,2.5297,7420,92.5
2024-05-31,2024,5,31,Friday,7415.93,6797.44,91.11,0.1833,-2.2635,7420,92.5
2024-06-01,2024,6,1,Saturday,7428.68,6809.13,88.15,0.1719,-3.2488,7280,88.5
2024-06-02,2024,6,2,Sunday,7142.67,6546.97,88.81,-3.8501,0.7487,7280,88.5
2024-06-03,2024,6,3,Monday,7445.86,6824.88,89.13,4.2448,0.3603,7280,88.5
2024-06-04,2024,6,4,Tuesday,7374.75,6759.7,87.0,-0.955,-2.3898,7280,88.5
2024-06-05,2024,6,5,Wednesday,7222.1,6619.78,88.74,-2.0699,2.0,7280,88.5
2024-06-06,2024,6,6,Thursday,7138.76,6543.39,89.33,-1.154,0.6649,7280,88.5
2024-06-07,2024,6,7,Friday,7459.69,6837.55,85.35,4.4956,-4.4554,7280,88.5
2024-06-08,2024,6,8,Saturday,7517.9,6890.91,86.81,0.7803,1.7106,7280,88.5
2024-06-09,2024,6,9,Sunday,7384.56,6768.69,87.81,-1.7736,1.1519,7280,88.5
2024-06-10,2024,6,10,Monday,7364.95,6750.71,89.9,-0.2656,2.3801,7280,88.5
2024-06-11,2024,6,11,Tuesday,7278.34,6671.33,88.5,-1.176,-1.5573,7280,88.5
2024-06-12,2024,6,12,Wednesday,7359.85,6746.04,89.0,1.1199,0.565,7280,88.5
2024-06-13,2024,6,13,Thursday,7270.32,6663.98,85.96,-1.2165,-3.4157,7280,88.5
2024-06-14,2024,6,14,Friday,6954.06,6374.09,88.2,-4.35,2.6059,7280,88.5
2024-06-15,2024,6,15,Saturday,7397.29,6780.36,90.08,6.3737,2.1315,7280,88.5
2024-06-16,2024,6,16,Sunday,7125.61,6531.33,87.65,-3.6727,-2.6976,7280,88.5
2024-06-17,2024,6,17,Monday,7331.53,6720.08,88.22,2.8899,0.6503,7280,88.5
2024-06-18,2024,6,18,Tuesday,7162.75,6565.38,88.1,-2.3021,-0.136,7280,88.5
2024-06-19,2024,6,19,Wednesday,7233.14,6629.9,82.75,0.9827,-6.0726,7280,88.5
2024-06-20,2024,6,20,Thursday,7240.91,6637.02,86.09,0.1074,4.0363,7280,88.5
2024-06-21,2024,6,21,Friday,7293.31,6685.05,91.63,0.7237,6.4351,7280,88.5
2024-06-22,2024,6,22,Saturday,7164.21,6566.71,88.73,-1.7701,-3.1649,7280,88.5
2024-06-23,2024,6,23,Sunday,7421.79,6802.81,90.65,3.5954,2.1639,7280,88.5
2024-06-24,2024,6,24,Monday,7107.59,6514.82,85.34,-4.2335,-5.8577,7280,88.5
2024-06-25,2024,6,25,Tuesday,7225.98,6623.33,85.82,1.6657,0.5625,7280,88.5
2024-06-26,2024,6,26,Wednesday,7373.77,6758.8,89.16,2.0453,3.8919,7280,88.5
2024-06-27,2024,6,27,Thursday,7417.62,6798.99,91.14,0.5947,2.2207,7280,88.5
2024-06-28,2024,6,28,Friday,7328.99,6717.75,92.21,-1.1949,1.174,7280,88.5
2024-06-29,2024,6,29,Saturday,7289.65,6681.69,90.04,-0.5368,-2.3533,7280,88.5
2024-06-30,2024,6,30,Sunday,7386.86,6770.8,88.01,1.3335,-2.2546,7280,88.5
2024-07-01,2024,7,1,Monday,7299.08,6690.34,89.82,-1.1883,2.0566,7350,89.8
2024-07-02,2024,7,2,Tuesday,7452.14,6830.63,87.47,2.097,-2.6163,7350,89.8
2024-07-03,2024,7,3,Wednesday,7325.7,6714.74,89.29,-1.6967,2.0807,7350,89.8
2024-07-04,2024,7,4,Thursday,7329.0,6717.76,88.74,0.045,-0.616,7350,89.8
2024-07-05,2024,7,5,Friday,7355.08,6741.67,87.49,0.3558,-1.4086,7350,89.8
2024-07-06,2024,7,6,Saturday,7501.7,6876.06,87.13,1.9935,-0.4115,7350,89.8
2024-07-07,2024,7,7,Sunday,7365.41,6751.13,92.01,-1.8168,5.6008,7350,89.8
2024-07-08,2024,7,8,Monday,7587.4,6954.61,86.58,3.014,-5.9015,7350,89.8
2024-07-09,2024,7,9,Tuesday,7185.68,6586.39,88.73,-5.2946,2.4833,7350,89.8
2024-07-10,2024,7,10,Wednesday,7326.74,6715.69,89.23,1.9631,0.5635,7350,89.8
2024-07-11,2024,7,11,Thursday,7266.57,6660.54,91.45,-0.8212,2.488,7350,89.8
2024-07-12,2024,7,12,Friday,7319.99,6709.5,86.63,0.7351,-5.2706,7350,89.8
2024-07-13,2024,7,13,Saturday,7359.69,6745.89,89.66,0.5424,3.4976,7350,89.8
2024-07-14,2024,7,14,Sunday,7164.16,6566.67,88.19,-2.6568,-1.6395,7350,89.8
2024-07-15,2024,7,15,Monday,7251.04,6646.3,88.05,1.2127,-0.1587,7350,89.8
2024-07-16,2024,7,16,Tuesday,7386.19,6770.18,87.59,1.8639,-0.5224,7350,89.8
2024-07-17,2024,7,17,Wednesday,7441.55,6820.92,87.94,0.7495,0.3996,7350,89.8
2024-07-18,2024,7,18,Thursday,7391.15,6774.73,91.15,-0.6773,3.6502,7350,89.8
2024-07-19,2024,7,19,Friday,7432.12,6812.28,90.74,0.5543,-0.4498,7350,89.8
2024-07-20,2024,7,20,Saturday,7256.71,6651.5,89.84,-2.3602,-0.9918,7350,89.8
2024-07-21,2024,7,21,Sunday,7077.7,6487.42,90.62,-2.4668,0.8682,7350,89.8
2024-07-22,2024,7,22,Monday,7253.85,6648.88,92.55,2.4888,2.1298,7350,89.8
2024-07-23,2024,7,23,Tuesday,7342.8,6730.41,87.71,1.2262,-5.2296,7350,89.8
2024-07-24,2024,7,24,Wednesday,7579.12,6947.02,90.73,3.2184,3.4432,7350,89.8
2024-07-25,2024,7,25,Thursday,7421.08,6802.16,90.0,-2.0852,-0.8046,7350,89.8
2024-07-26,2024,7,26,Friday,7173.14,6574.9,88.15,-3.341,-2.0556,7350,89.8
2024-07-27,2024,7,27,Saturday,7282.32,6674.97,86.79,1.5221,-1.5428,7350,89.8
2024-07-28,2024,7,28,Sunday,7413.02,6794.77,87.35,1.7948,0.6452,7350,89.8
2024-07-29,2024,7,29,Monday,7317.19,6706.94,89.6,-1.2927,2.5758,7350,89.8
2024-07-30,2024,7,30,Tuesday,7186.76,6587.38,90.16,-1.7825,0.625,7350,89.8
2024-07-31,2024,7,31,Wednesday,7280.29,6673.11,90.31,1.3014,0.1664,7350,89.8
2024-08-01,2024,8,1,Thursday,7562.71,6931.98,89.55,3.8792,-0.8415,7520,86.5
2024-08-02,2024,8,2,Friday,7400.2,6783.02,86.69,-2.1488,-3.1937,7520,86.5
2024-08-03,2024,8,3,Saturday,7742.78,7097.03,88.6,4.6293,2.2033,7520,86.5
2024-08-04,2024,8,4,Sunday,7542.03,6913.02,85.05,-2.5927,-4.0068,7520,86.5
2024-08-05,2024,8,5,Monday,7470.06,6847.06,87.94,-0.9543,3.398,7520,86.5
2024-08-06,2024,8,6,Tuesday,7601.23,6967.29,87.74,1.7559,-0.2274,7520,86.5
2024-08-07,2024,8,7,Wednesday,7539.93,6911.1,82.68,-0.8064,-5.767,7520,86.5
2024-08-08,2024,8,8,Thursday,7688.66,7047.43,85.29,1.9726,3.1567,7520,86.5
2024-08-09,2024,8,9,Friday,7630.73,6994.33,80.75,-0.7534,-5.323,7520,86.5
2024-08-10,2024,8,10,Saturday,7586.54,6953.82,90.36,-0.5791,11.9009,7520,86.5
2024-08-11,2024,8,11,Sunday,7608.71,6974.14,85.7,0.2922,-5.1571,7520,86.5
2024-08-12,2024,8,12,Monday,7489.69,6865.05,84.09,-1.5643,-1.8786,7520,86.5
2024-08-13,2024,8,13,Tuesday,7450.3,6828.94,85.99,-0.5259,2.2595,7520,86.5
2024-08-14,2024,8,14,Wednesday,7803.43,7152.62,85.27,4.7398,-0.8373,7520,86.5
2024-08-15,2024,8,15,Thursday,7654.35,7015.98,83.08,-1.9104,-2.5683,7520,86.5
2024-08-16,2024,8,16,Friday,7468.53,6845.65,88.84,-2.4276,6.9331,7520,86.5
2024-08-17,2024,8,17,Saturday,7499.64,6874.17,87.69,0.4165,-1.2945,7520,86.5
2024-08-18,2024,8,18,Sunday,7475.31,6851.87,85.35,-0.3244,-2.6685,7520,86.5
2024-08-19,2024,8,19,Monday,7598.69,6964.96,83.45,1.6505,-2.2261,7520,86.5
2024-08-20,2024,8,20,Tuesday,7630.48,6994.1,85.58,0.4184,2.5524,7520,86.5
2024-08-21,2024,8,21,Wednesday,7478.25,6854.56,89.97,-1.995,5.1297,7520,86.5
2024-08-22,2024,8,22,Thursday,7529.06,6901.14,86.86,0.6794,-3.4567,7520,86.5
2024-08-23,2024,8,23,Friday,7456.41,6834.55,85.42,-0.9649,-1.6578,7520,86.5
2024-08-24,2024,8,24,Saturday,7429.67,6810.04,85.04,-0.3586,-0.4449,7520,86.5
2024-08-25,2024,8,25,Sunday,7374.34,6759.32,85.66,-0.7447,0.7291,7520,86.5
2024-08-26,2024,8,26,Monday,7370.27,6755.59,88.73,-0.0552,3.5839,7520,86.5
2024-08-27,2024,8,27,Tuesday,7513.53,6886.9,84.11,1.9438,-5.2068,7520,86.5
2024-08-28,2024,8,28,Wednesday,7474.92,6851.51,88.64,-0.5139,5.3858,7520,86.5
2024-08-29,2024,8,29,Thursday,7648.22,7010.36,86.33,2.3184,-2.606,7520,86.5
2024-08-30,2024,8,30,Friday,7393.8,6777.16,84.94,-3.3265,-1.6101,7520,86.5
2024-08-31,2024,8,31,Saturday,7499.42,6873.97,87.97,1.4285,3.5672,7520,86.5
2024-09-01,2024,9,1,Sunday,7790.09,7140.4,87.96,3.8759,-0.0114,7780,88.2
2024-09-02,2024,9,2,Monday,7870.95,7214.51,89.13,1.038,1.3302,7780,88.2
2024-09-03,2024,9,3,Tuesday,7769.1,7121.16,87.98,-1.294,-1.2903,7780,88.2
2024-09-04,2024,9,4,Wednesday,7804.95,7154.02,88.27,0.4614,0.3296,7780,88.2
2024-09-05,2024,9,5,Thursday,7773.57,7125.25,87.88,-0.4021,-0.4418,7780,88.2
2024-09-06,2024,9,6,Friday,7904.99,7245.71,91.31,1.6906,3.903,7780,88.2
2024-09-07,2024,9,7,Saturday,7688.07,7046.88,90.35,-2.7441,-1.0514,7780,88.2
2024-09-08,2024,9,8,Sunday,7909.4,7249.76,88.65,2.8789,-1.8816,7780,88.2
2024-09-09,2024,9,9,Monday,7766.65,7118.91,92.01,-1.8048,3.7902,7780,88.2
2024-09-10,2024,9,10,Tuesday,7892.56,7234.32,87.27,1.6212,-5.1516,7780,88.2
2024-09-11,2024,9,11,Wednesday,7831.86,7178.68,88.61,-0.7691,1.5355,7780,88.2
2024-09-12,2024,9,12,Thursday,7686.81,7045.73,86.69,-1.8521,-2.1668,7780,88.2
2024-09-13,2024,9,13,Friday,7740.49,7094.93,88.74,0.6983,2.3647,7780,88.2
2024-09-14,2024,9,14,Saturday,7737.27,7091.98,87.57,-0.0416,-1.3185,7780,88.2
2024-09-15,2024,9,15,Sunday,7803.7,7152.87,90.06,0.8586,2.8434,7780,88.2
2024-09-16,2024,9,16,Monday,7890.56,7232.49,89.66,1.1131,-0.4441,7780,88.2
2024-09-17,2024,9,17,Tuesday,7732.44,7087.55,86.89,-2.0039,-3.0894,7780,88.2
2024-09-18,2024,9,18,Wednesday,7746.84,7100.75,87.77,0.1862,1.0128,7780,88.2
2024-09-19,2024,9,19,Thursday,7748.38,7102.17,91.09,0.0199,3.7826,7780,88.2
2024-09-20,2024,9,20,Friday,7909.49,7249.84,89.01,2.0793,-2.2835,7780,88.2
2024-09-21,2024,9,21,Saturday,7565.14,6934.21,86.77,-4.3536,-2.5166,7780,88.2
2024-09-22,2024,9,22,Sunday,7821.6,7169.28,88.3,3.39,1.7633,7780,88.2
2024-09-23,2024,9,23,Monday,7848.04,7193.51,88.95,0.338,0.7361,7780,88.2
2024-09-24,2024,9,24,Tuesday,7674.04,7034.03,90.52,-2.2171,1.765,7780,88.2
2024-09-25,2024,9,25,Wednesday,7812.68,7161.1,92.59,1.8066,2.2868,7780,88.2
2024-09-26,2024,9,26,Thursday,7723.78,7079.62,88.13,-1.1379,-4.8169,7780,88.2
2024-09-27,2024,9,27,Friday,7937.9,7275.88,90.53,2.7722,2.7232,7780,88.2
2024-09-28,2024,9,28,Saturday,7827.15,7174.37,90.34,-1.3952,-0.2099,7780,88.2
2024-09-29,2024,9,29,Sunday,7783.34,7134.21,89.33,-0.5597,-1.118,7780,88.2
2024-09-30,2024,9,30,Monday,7832.54,7179.31,88.14,0.6321,-1.3321,7780,88.2
2024-10-01,2024,10,1,Tuesday,7989.1,7322.81,95.84,1.9988,8.7361,7950,96.0
2024-10-02,2024,10,2,Wednesday,8145.16,7465.85,93.96,1.9534,-1.9616,7950,96.0
2024-10-03,2024,10,3,Thursday,7941.41,7279.1,99.42,-2.5015,5.811,7950,96.0
2024-10-04,2024,10,4,Friday,8121.51,7444.18,93.69,2.2679,-5.7634,7950,96.0
2024-10-05,2024,10,5,Saturday,7895.19,7236.73,96.97,-2.7867,3.5009,7950,96.0
2024-10-06,2024,10,6,Sunday,7919.56,7259.07,96.1,0.3087,-0.8972,7950,96.0
2024-10-07,2024,10,7,Monday,7767.14,7119.36,95.17,-1.9246,-0.9677,7950,96.0
2024-10-08,2024,10,8,Tuesday,8035.4,7365.25,96.19,3.4538,1.0718,7950,96.0
2024-10-09,2024,10,9,Wednesday,8005.38,7337.73,95.29,-0.3736,-0.9356,7950,96.0
2024-10-10,2024,10,10,Thursday,8029.13,7359.5,96.75,0.2967,1.5322,7950,96.0
2024-10-11,2024,10,11,Friday,7837.79,7184.12,95.57,-2.3831,-1.2196,7950,96.0
2024-10-12,2024,10,12,Saturday,8186.95,7504.16,95.53,4.4548,-0.0419,7950,96.0
2024-10-13,2024,10,13,Sunday,7997.45,7330.46,96.87,-2.3147,1.4027,7950,96.0
2024-10-14,2024,10,14,Monday,8204.97,7520.68,95.88,2.5948,-1.022,7950,96.0
2024-10-15,2024,10,15,Tuesday,7954.49,7291.09,98.85,-3.0528,3.0976,7950,96.0
2024-10-16,2024,10,16,Wednesday,7984.06,7318.19,96.04,0.3717,-2.8427,7950,96.0
2024-10-17,2024,10,17,Thursday,8020.64,7351.72,96.84,0.4582,0.833,7950,96.0
2024-10-18,2024,10,18,Friday,8065.58,7392.91,100.44,0.5603,3.7175,7950,96.0
2024-10-19,2024,10,19,Saturday,7932.33,7270.77,95.53,-1.6521,-4.8885,7950,96.0
2024-10-20,2024,10,20,Sunday,7910.31,7250.59,99.79,-0.2776,4.4593,7950,96.0
2024-10-21,2024,10,21,Monday,8064.83,7392.22,93.46,1.9534,-6.3433,7950,96.0
2024-10-22,2024,10,22,Tuesday,7885.33,7227.69,97.54,-2.2257,4.3655,7950,96.0
2024-10-23,2024,10,23,Wednesday,7958.19,7294.48,99.14,0.924,1.6404,7950,96.0
2024-10-24,2024,10,24,Thursday,7955.52,7292.03,96.26,-0.0336,-2.905,7950,96.0
2024-10-25,2024,10,25,Friday,7945.79,7283.11,96.1,-0.1223,-0.1662,7950,96.0
2024-10-26,2024,10,26,Saturday,8207.76,7523.23,95.33,3.297,-0.8012,7950,96.0
2024-10-27,2024,10,27,Sunday,7913.23,7253.27,96.33,-3.5884,1.049,7950,96.0
2024-10-28,2024,10,28,Monday,8230.57,7544.14,97.07,4.0102,0.7682,7950,96.0
2024-10-29,2024,10,29,Tuesday,7837.12,7183.5,94.52,-4.7803,-2.627,7950,96.0
2024-10-30,2024,10,30,Wednesday,8005.97,7338.27,95.38,2.1545,0.9099,7950,96.0
2024-10-31,2024,10,31,Thursday,7875.79,7218.95,96.48,-1.626,1.1533,7950,96.0
2024-11-01,2024,11,1,Friday,7845.07,7190.79,94.25,-0.3901,-2.3114,7820,94.5
2024-11-02,2024,11,2,Saturday,7826.93,7174.16,94.77,-0.2312,0.5517,7820,94.5
2024-11-03,2024,11,3,Sunday,7847.07,7192.62,94.3,0.2573,-0.4959,7820,94.5
2024-11-04,2024,11,4,Monday,7563.76,6932.94,91.65,-3.6104,-2.8102,7820,94.5
2024-11-05,2024,11,5,Tuesday,7635.06,6998.3,93.73,0.9427,2.2695,7820,94.5
2024-11-06,2024,11,6,Wednesday,7787.91,7138.4,92.31,2.0019,-1.515,7820,94.5
2024-11-07,2024,11,7,Thursday,8033.51,7363.52,95.83,3.1536,3.8132,7820,94.5
2024-11-08,2024,11,8,Friday,7953.97,7290.61,92.04,-0.9901,-3.9549,7820,94.5
2024-11-09,2024,11,9,Saturday,8002.74,7335.31,92.27,0.6132,0.2499,7820,94.5
2024-11-10,2024,11,10,Sunday,7769.9,7121.89,91.53,-2.9095,-0.802,7820,94.5
2024-11-11,2024,11,11,Monday,7812.93,7161.33,91.39,0.5538,-0.153,7820,94.5
2024-11-12,2024,11,12,Tuesday,7957.88,7294.19,94.13,1.8553,2.9981,7820,94.5
2024-11-13,2024,11,13,Wednesday,7825.28,7172.65,98.91,-1.6663,5.0781,7820,94.5
2024-11-14,2024,11,14,Thursday,7951.98,7288.78,95.15,1.6191,-3.8014,7820,94.5
2024-11-15,2024,11,15,Friday,7882.13,7224.76,93.81,-0.8784,-1.4083,7820,94.5
2024-11-16,2024,11,16,Saturday,7959.68,7295.84,94.13,0.9839,0.3411,7820,94.5
2024-11-17,2024,11,17,Sunday,7928.94,7267.67,92.93,-0.3862,-1.2748,7820,94.5
2024-11-18,2024,11,18,Monday,7953.8,7290.45,90.95,0.3135,-2.1306,7820,94.5
2024-11-19,2024,11,19,Tuesday,7689.64,7048.32,91.79,-3.3212,0.9236,7820,94.5
2024-11-20,2024,11,20,Wednesday,7815.39,7163.59,94.3,1.6353,2.7345,7820,94.5
2024-11-21,2024,11,21,Thursday,7684.13,7043.27,97.17,-1.6795,3.0435,7820,94.5
2024-11-22,2024,11,22,Friday,7874.9,7218.13,94.73,2.4826,-2.5111,7820,94.5
2024-11-23,2024,11,23,Saturday,7890.57,7232.5,92.46,0.199,-2.3963,7820,94.5
2024-11-24,2024,11,24,Sunday,7511.08,6884.66,90.78,-4.8094,-1.817,7820,94.5
2024-11-25,2024,11,25,Monday,7820.7,7168.45,95.43,4.1222,5.1223,7820,94.5
2024-11-26,2024,11,26,Tuesday,7764.33,7116.78,97.9,-0.7208,2.5883,7820,94.5
2024-11-27,2024,11,27,Wednesday,7685.39,7044.43,95.54,-1.0167,-2.4106,7820,94.5
2024-11-28,2024,11,28,Thursday,7919.02,7258.57,98.38,3.0399,2.9726,7820,94.5
2024-11-29,2024,11,29,Friday,7752.13,7105.6,91.41,-2.1075,-7.0848,7820,94.5
2024-11-30,2024,11,30,Saturday,7892.52,7234.28,92.99,1.811,1.7285,7820,94.5
2024-12-01,2024,12,1,Sunday,7894.05,7235.69,90.62,0.0194,-2.5487,7880,92.8
2024-12-02,2024,12,2,Monday,8186.86,7504.08,91.36,3.7092,0.8166,7880,92.8
2024-12-03,2024,12,3,Tuesday,7656.78,7018.2,88.33,-6.4748,-3.3165,7880,92.8
2024-12-04,2024,12,4,Wednesday,7883.24,7225.78,89.89,2.9576,1.7661,7880,92.8
2024-12-05,2024,12,5,Thursday,7891.1,7232.98,93.51,0.0997,4.0271,7880,92.8
2024-12-06,2024,12,6,Friday,7940.23,7278.01,93.21,0.6226,-0.3208,7880,92.8
2024-12-07,2024,12,7,Saturday,8026.99,7357.54,94.82,1.0927,1.7273,7880,92.8
2024-12-08,2024,12,8,Sunday,8043.38,7372.56,93.12,0.2042,-1.7929,7880,92.8
2024-12-09,2024,12,9,Monday,7683.73,7042.91,92.72,-4.4714,-0.4296,7880,92.8
2024-12-10,2024,12,10,Tuesday,8036.78,7366.51,94.28,4.5948,1.6825,7880,92.8
2024-12-11,2024,12,11,Wednesday,7788.89,7139.3,92.12,-3.0844,-2.291,7880,92.8
2024-12-12,2024,12,12,Thursday,8111.89,7435.36,93.62,4.1469,1.6283,7880,92.8
2024-12-13,2024,12,13,Friday,7918.81,7258.38,91.27,-2.3802,-2.5101,7880,92.8
2024-12-14,2024,12,14,Saturday,7963.2,7299.07,93.56,0.5606,2.509,7880,92.8
2024-12-15,2024,12,15,Sunday,7864.14,7208.27,95.43,-1.244,1.9987,7880,92.8
2024-12-16,2024,12,16,Monday,8137.38,7458.72,92.53,3.4745,-3.0389,7880,92.8
2024-12-17,2024,12,17,Tuesday,7978.64,7313.22,94.29,-1.9508,1.9021,7880,92.8
2024-12-18,2024,12,18,Wednesday,7998.14,7331.1,92.25,0.2444,-2.1635,7880,92.8
2024-12-19,2024,12,19,Thursday,7807.88,7156.7,95.85,-2.3788,3.9024,7880,92.8
2024-12-20,2024,12,20,Friday,7659.88,7021.05,93.65,-1.8955,-2.2953,7880,92.8
2024-12-21,2024,12,21,Saturday,7870.36,7213.97,92.1,2.7478,-1.6551,7880,92.8
2024-12-22,2024,12,22,Sunday,7698.85,7056.77,91.99,-2.1792,-0.1194,7880,92.8
2024-12-23,2024,12,23,Monday,7951.16,7288.03,89.6,3.2772,-2.5981,7880,92.8
2024-12-24,2024,12,24,Tuesday,7861.11,7205.49,91.49,-1.1325,2.1094,7880,92.8
2024-12-25,2024,12,25,Wednesday,7923.65,7262.82,90.03,0.7956,-1.5958,7880,92.8
2024-12-26,2024,12,26,Thursday,7668.14,7028.62,91.25,-3.2247,1.3551,7880,92.8
2024-12-27,2024,12,27,Friday,7766.71,7118.97,96.4,1.2854,5.6438,7880,92.8
2024-12-28,2024,12,28,Saturday,8168.04,7486.83,88.0,5.1673,-8.7137,7880,92.8
2024-12-29,2024,12,29,Sunday,7935.87,7274.02,93.95,-2.8424,6.7614,7880,92.8
2024-12-30,2024,12,30,Monday,7666.27,7026.9,93.49,-3.3972,-0.4896,7880,92.8
2024-12-31,2024,12,31,Tuesday,7981.91,7316.22,94.24,4.1173,0.8022,7880,92.8
